术语,定义,例句
可收回金额,公允价值减去出售费用后的净额与其使用价值两者之中的较高者。,该资产的账面金额超过了其可收回金额。
确认的金额（在资产负债表和利润表中）,在财务报表中记录的金额。,在资产负债表中确认的金额包括递延所得税资产。
加速折旧优惠,允许更快地扣减（折旧）资产价值的税收规定。,加速折旧优惠在早期年度减少应纳税利润。
符合国际财务报告准则,指符合国际财务报告准则要求的会计处理或列报方式。,拟议的收入确认政策符合国际财务报告准则，无需作任何修改。
管理层的受托责任,管理层对其经管责任进行交账报告的义务。,管理层的受托责任要求向所有者进行透明的报告。
会计,对财务交易进行记录、分类和汇总的过程。,会计提供年度报告中使用的数字。
会计上的被购买方,在反向购买中，其会计处理上被视为被购买方的主体。,在反向购买中，法律上的母公司是会计上的被购买方。
退休福利计划的会计处理与报告,规范退休福利计划如何向参与者报告其义务和计划资产的准则。,该计划的财务报表是根据《退休福利计划的会计处理与报告》准则编制的。
会计套利,利用会计规则之间的差异来获取利益。,该集团在两个司法管辖区之间进行了会计套利。
会计估计,在无法精确计量的情况下对货币金额作出的近似估计。,机器的预计使用寿命是一项会计估计。
政府补助的会计处理与政府援助的披露,关于政府补助会计处理及相关披露的准则。,只有在对遵守相关条件有合理保证时，政府补助才予以确认。
存货的会计处理,以成本与可变现净值两者中的较低者对存货进行计量和报告。,存货的会计处理要求以成本与可变现净值两者中的较低者对存货进行计量。
联营企业投资的会计处理,规范投资者如何对其具有重大影响的联营企业投资进行会计处理的准则，通常采用权益法。,按照联营企业投资的权益法进行会计处理时，投资者确认其在联营企业利润中所占的份额。
收入及相关费用的会计处理,将收入与相关费用一同确认。,收入及相关费用的会计处理遵循权责发生制。
会计利润,按照会计规则而非税收规则计量的利润。,会计利润可能与应纳税所得额不同。
会计错配,当相关资产和负债以不同基础计量时产生的不一致。,以公允价值计量某一项目可能产生会计错配。
会计模式,主体在编制财务报表时采用的计量和确认基础的框架。,该主体将其投资性房地产的会计模式从成本模式变更为公允价值模式。
会计期间,财务报表所涵盖的期间，通常为一年。,会计期间于每年12月31日结束。
会计政策,主体在编制财务报表时采用的具体原则和基础。,该主体披露了其有关存货的会计政策。
权责发生制假设,交易在其发生时即予记录，而非在现金收付时记录。,在权责发生制下，收入在赚取时予以确认。
累计折旧,迄今为止已对某项资产计提的折旧总额。,累计折旧从资产成本中扣减。
累计利润或亏损,主体尚未作为股利分配或转入其他准备的累计净收益。,董事会决定保留累计利润或亏损，以为未来的资本支出提供资金。
累积带薪缺勤,可结转至以后期间使用的带薪缺勤。,累积带薪缺勤在员工赚取时予以确认。
实现可比性,使不同主体和不同期间的财务报表具有可比性。,统一的政策有助于实现公司之间的可比性。
被收购企业,其控制权被取得方取得的企业或主体。,取得方以公允价值确认被收购企业的资产。
外购商誉,在企业合并中，转移的对价超过所取得的可辨认净资产公允价值的部分。,已确认400万的外购商誉，并每年对其进行减值测试。
企业合并中取得的,通过企业合并取得的资产或负债。,该专利是去年在企业合并中取得的。
被购买方,购买方取得其控制权的企业或主体。,被购买方的资产以公允价值计量。
购买方,取得另一主体控制权的主体。,购买方以公允价值确认可辨认净资产。
收购,一个主体取得另一主体控制权的企业合并。,该项收购采用购买法进行会计处理。
购买日,在企业合并中，购买方实际取得被购买方控制权的日期。,转移的对价按购买日的公允价值计量。
购买法,用于对企业合并进行会计处理的方法。,在购买法下，可辨认资产以公允价值计量。
活跃市场,交易发生得足够频繁从而能够提供市场价格的市场。,该股票在活跃市场上交易。
积极使用,在商品或服务的生产或供应过程中对资产的使用。,该设备在制造过程中被积极使用。
积极营销,指某项资产正以其现状并以合理价格被积极地推介出售。,该大楼在整个报告期内一直被积极营销（推介出售）。
精算假设,用于计量福利义务的人口和财务方面的估计。,精算假设包括折现率和死亡率。
精算利得和损失,因经验调整而导致的设定受益义务现值的变动。,精算利得和损失源于精算假设的变动。
承诺退休福利的精算现值,采用精算假设计算的承诺养老金福利的现值。,承诺退休福利的精算现值每年予以披露。
精算评估,使用精算假设对福利义务进行的评估。,该养老金计划每年进行一次精算评估。
精算评估方法,通过估计未来支付额并将其折现为现值来计量设定受益义务的预测技术。,该主体采用预计单位贷记法这一精算评估方法来计量其养老金义务。
补充比较信息,超出最低要求之外的额外前期信息。,补充比较信息系自愿提供。
额外对价,在交易中除初始对价之外额外转移的支付。,购买方为或有额外款项支付了额外对价。
补充披露,在最低要求披露之外提供的补充信息。,该主体就其关联方交易提供了补充披露。
首次采用者的额外豁免,为首次应用国际财务报告准则的主体提供的、便于其向国际财务报告准则过渡的可选简化处理。,该公司在过渡日计量其养老金义务时采用了首次采用者的额外豁免。
合并程序调整,在合并之前为消除集团内部影响而对数字进行的更正。,我们必须在报告之前进行合并程序调整。
经调整的公允价值,经修改以反映特定权利、限制或条件的公允价值。,经调整的公允价值反映了转让限制。
经调整的加权平均股数,针对具有稀释性的潜在股份进行调整后的加权平均股数。,稀释每股收益使用经调整的加权平均股数计算。
资产负债表日后调整事项,报告日之后发生的需要调整的事项。,一宗法院诉讼的了结是一项资产负债表日后调整事项。
报告期后调整事项,在报告日之后发生的事项，其为资产负债表日已存在的状况提供了证据，并且需要调整。,一名客户在年末之后破产，由于证实了已有的应收款项减值，因此属于报告期后调整事项。
调整,对先前记录金额的变更。,该项调整更正了上年度的数字。
管理费用,与生产或销售无直接关系的主体运营成本。,管理费用包括办公室薪金和租金。
入会费,就加入会员资格或服务安排而收取的初始入会金额。,入会费在提供服务时确认为收入。
预付款,客户在商品或服务交付之前支付的款项，从而形成卖方的一项义务。,"客户在设备交付之前支付了10,000的预付款。"
不利经济后果,由某一事件或决策产生的不利财务影响。,该裁决给该主体带来了不利经济后果。
不利事件,可能导致损失或负债的不利情形。,保险人在不利事件发生后支付了赔款。
税后金额,扣除所得税后的净额。,该利得按税后金额报告。
代理,一方代表另一方行事的关系。,该代理安排赋予代理人约束委托人的权限。
合计,将各单项组成部分或项目相加得到的总额。,该附注列示了当期所有关联方交易的合计数。
汇总,将项目归集为类别。,将类似项目汇总有助于理解。
汇总标准,对具有相似特征的项目进行分组以供列报的规则。,汇总标准决定各项目如何在一起列报。
协议日,各方达成具有约束力的协议的日期。,公允价值是按协议日计量的。
不动产建造协议,建造不动产的合同，其收入确认取决于该协议是作为商品销售还是作为建造服务处理。,根据不动产建造协议，收入可能需要在一段时间内确认。
进行中的协议,仍在谈判中或尚未完成的合同。,来自进行中协议的收入在一段时间内确认。
农业活动,对用于出售的活体动物或植物的生物转化进行的管理。,该农场的农业活动包括饲养牲畜。
农产品,生物资产收获的产品。,农产品在收获时按公允价值减去出售费用计量。
农业,涵盖生物资产和农产品的准则。,农业准则处理生物资产的会计处理问题。
分配,将成本、收入或金额分摊至不同期间、资产或活动的过程。,将购买对价分配至所取得的可辨认资产的工作已在计量期间内完成。
分配方法,用于分配某项金额的方法。,分配方法将成本分摊到各报告期间。
备抵,冲减资产账面金额的备抵（对冲）账户。,该公司为可疑应收款项计提了备抵。
备抵账户,记录应收款项估计减值金额的对冲（备抵）账户。,备抵账户从应收款项总额中扣减。
允许的备选处理方法,旧准则允许与基准处理方法同时采用的另一种备选会计处理方法。,该公司采用了允许的备选处理方法，对其不动产、厂房和设备进行了重新估价。
美式股票期权,可在到期前任何时间行权的期权。,该美式股票期权可以随时行权。
摊销,在无形资产的使用寿命内系统分摊其成本。,该专利的摊销按月计提费用。
摊销方法,用于在使用寿命内分摊应摊销金额的方法。,该无形资产采用直线摊销法。
摊销期限,无形资产进行摊销所跨越的期间。,摊销期限反映了资产的预计使用寿命。
摊余成本,金融资产或金融负债经本金偿还、累计摊销和减值调整后据以计量的金额。,该债券采用实际利率法按摊余成本计量。
金融资产或金融负债的摊余成本,采用实际利率法计量的金额。,该贷款按摊余成本列账。
摊销型利率互换,名义金额在其存续期内递减的互换。,该摊销型利率互换对贷款还款进行了套期保值。
存货金额,财务报表中确认的存货账面金额。,已披露按可变现净值列账的存货金额。
应付金额,主体依据合同或负债负有支付义务的货币金额。,年末应付供应商的金额已在附注中披露。
每股金额,归属于单股股份的货币价值。,每股股利金额为2里拉。
（在财务状况表或综合收益表中）确认的金额,根据适用准则在财务报表中记录的货币金额。,该附注列示了在财务状况表中确认的金额。
分析,对信息进行详细审查以支持决策。,管理层对现金流量进行了敏感性分析。
年假,员工累积享有的带薪休假。,年假是一项短期职工福利。
年度期间,主体编报财务报表所针对的一年期报告期间。,该主体编制截至12月31日止年度期间的财务报表。
年金受领人,领取年金的人。,年金受领人终身领取年度给付。
年金化,将一次性款项转换为一系列定期给付。,年金化将养老储蓄金转换为月度收入。
年金,在一定期间内按固定间隔支付的一系列等额款项。,退休人员从养老金计划中领取月度年金。
反稀释,潜在普通股转换后会提高每股收益或降低每股亏损的效应。,这些期权具有反稀释性，因此未计入稀释每股收益。
反稀释性,提高每股收益或降低每股亏损的性质。,这些潜在股份具有反稀释性，已被剔除。
附录,附于准则或文件之后的补充部分。,示例列示于附录中。
适用性,准则或处理方法是否适用于某一情形。,该准则的适用性取决于主体类型。
应用指南,说明如何应用准则的指南。,应用指南说明了该准则如何应用。
要求的应用,主体将准则的具体要求应用于其交易和余额的方式。,附录就与租赁变更相关的要求的应用提供了指南。
应用补充,对准则起补充作用的附加指南。,应用补充澄清了该准则的使用。
国际会计准则第29号《恶性通货膨胀经济中的财务报告》下重述法的应用,关于在恶性通货膨胀经济中按国际会计准则第29号重述财务报表的指南。,该主体采用了国际会计准则第29号规定的重述法。
估价,专家对资产或负债价值所作的评估。,该不动产已取得独立估价。
公允交易,互不关联且自愿的各方各自维护自身利益而进行的交易。,关联方披露证实各项交易是否按公允（正常交易）条件进行。
艺术相关无形资产,因电影等艺术作品而产生的非货币性资产。,电影版权属于艺术相关无形资产。
卖方要价,卖方愿意就资产接受的价格。,所报卖方要价高于买方出价。
评估,对某事项进行评价或计量。,主体必须评估是否存在减值迹象。
控制的评估,评价投资方是否控制被投资方。,控制的评估需要评价权力、对可变回报的敞口以及回报。
资产,由过去事项形成、由主体控制的资源，预期未来经济利益将由此流入该主体。,该机器因能够产生未来经济利益而被确认为资产。
资产交换交易,以一项资产换取另一项资产的交易。,资产交换交易按商业实质进行计量。
特定资产履约风险,特定资产不能按预期表现的风险。,特定资产履约风险会影响资产的公允价值。
取得的资产,购买方在企业合并中取得的可辨认资产。,取得的资产按购买日的公允价值计量。
长期职工福利基金持有的资产,为清偿职工福利义务而在单独的长期基金中拨存的资金。,长期职工福利基金持有的资产在每个报告日按公允价值计量。
退出活跃使用的资产,不再用于经营活动但仍持有的资产。,该工厂将退出活跃使用的资产单独列示。
联营企业,投资方对其具有重大影响的企业。,对联营企业的投资采用权益法进行会计处理。
审计报告,审计师就财务报表出具的正式意见。,审计报告出具了无保留意见。
批准财务报表报出,正式批准财务报表以供发布。,董事会批准了财务报表报出。
可供出售金融资产,以往的一类指定为可供出售的非衍生金融资产，按公允价值计量且其变动计入其他综合收益。,可供出售金融资产产生的利得以往在处置之前计入其他综合收益。
奖励积分,向客户提供的、用于未来获得折扣的积分。,奖励积分是一项单独的履约义务。
走廊区间,以往未予确认的精算利得和损失的允许范围。,走廊区间内的精算利得已予递延。
“销售成本”法,按功能列示费用并反映销售成本的方法。,在“销售成本”法下，费用按功能分类。
转回,转回或抵销先前已确认的分录或调整。,会计人员必须在结账前转回错误的应计项目。
资产负债表,反映某一时点的资产、负债和权益的报表。,资产负债表列示的总资产为一百万。
资产负债表日,财务状况表所属报告期末的日期。,资产负债表日后事项已作披露。
资产负债表债务法,根据资产负债表差异确认递延所得税的方法。,递延所得税采用资产负债表债务法计算。
银行,吸收存款并发放贷款的金融机构。,针对银行的披露涉及信用风险和流动性风险。
银行透支,允许主体支取超过其账户余额款项的短期借款安排。,该银行透支可随时要求偿还，并列报为流动负债。
破产,针对无力偿债主体的法定程序。,破产程序已作为期后事项披露。
廉价购买,合并对价低于所取得净资产公允价值的企业合并。,该廉价购买为购买方带来了利得。
基本每股收益,归属于普通股股东的利润除以股份加权平均数。,该主体报告的基本每股收益为2里拉。
基本借贷特征,债务工具中符合基本借贷安排特征的合同条款，如利息和还款。,该金融工具经评估具有基本借贷特征，因此通过了仅支付本金和利息的测试。
计税基础调整,对资产或负债计税基础的调整。,资产重新估价后进行了计税基础调整。
结论基础,解释准则各项结论背后理由的文件。,结论基础说明了理事会为何否决该备选方案。
基点,一个百分点的百分之一。,利率上升了25个基点。
生产性生物资产,为产出产品而持有的活性生物资产。,生产性植物作为不动产、厂房和设备进行会计处理。
基准处理方法,准则允许的首选或参考会计处理方法，除非采用备选方法，否则作为默认处理方法。,除非国家法规要求采用允许的备选方法，否则主体应采用基准处理方法。
有利合同,为实体自身利益而订立的合同。,有利合同可能在企业合并中予以确认。
受益人,有权从某项安排中获取利益的个人或主体。,受益人收取信托分配。
福利,根据计划或合同获得的利益或权益。,员工退休后领取养老金福利。
福利改进,设定受益计划福利的增加，会产生过去服务成本。,本年度给予的福利改进增加了设定受益义务。
福利义务,应付的承诺职工福利的现值。,福利义务于年末进行了计量。
对使用者的益处,财务信息对财务报表主要使用者的有用性。,改进后的披露提高了对使用者的益处。
最佳估计,用于计量预计负债的最可能金额。,该预计负债按管理层的最佳估计计量。
偏差,扭曲判断或信息的倾向。,估计中的偏差会影响信息的中立性。
投标保函,一方为担保其投标履约而提供的保证或保函。,承包商提交投标保函以支持其对建设项目的投标。
买方出价,买方愿意据以购买的价格。,买方出价用于空头头寸。
买卖价差,最佳买入价与最佳卖出价之间的差额。,买卖价差较小表明市场流动性良好。
分拆法,将嵌入衍生工具从其主合同中分离出来的方法。,该可转换债券采用了分拆法。
具有约束力的销售协议,具有法律强制执行力的资产出售协议，使交易各方受交易约束。,由于存在具有约束力的销售协议，该不动产被分类为持有待售。
二叉树模型,用于期权定价的具有两种结果的估值模型。,二叉树模型对员工股份期权进行了估值。
生物资产,农业活动范围内的活的动物或植物。,该生物资产按公允价值减去出售成本计量。
生物转化,活资产的生长、蜕变、生产或繁殖。,生物转化会导致资产公允价值发生变动。
布莱克-斯科尔斯-默顿公式,一种期权定价模型。,布莱克-斯科尔斯-默顿公式对该股份期权进行估值。
董事会,由股东选举产生、负责监督主体战略方向和经营管理的治理机构。,董事会批准年度财务报表以供发布。
债券,支付利息的债务证券。,该债券按摊余成本计量。
红股发行,动用储备向现有股东无偿发行的股份。,公司宣布按每十股送一股的比例发行红股。
奖金计划,根据业绩向员工授予额外奖励的安排。,奖金计划在实现年度目标时对员工予以奖励。
保险合同组合,保险人作为一个组合共同管理的全部保险合同。,管理层定期审查保险合同组合，以评估保险风险。
账面价值,资产在账簿中记录的金额。,该机器的账面价值低于其市场价值。
借款人,取得资金并负有偿还义务的一方。,借款人必须连本带息偿还贷款。
借款费用,借入资金产生的利息及其他成本。,可直接归属于该资产的借款费用予以资本化。
自下而上测试,从最低现金产生层级开始的减值测试。,自下而上测试对单项资产的减值情况进行了评估。
品牌,与营销相关的无形资产，例如识别产品并为实体创造价值的名称或符号。,内部产生的品牌不能确认为无形资产。
建设-运营-移交,一种提供基础设施的特许经营模式。,在建设-运营-移交模式下，经营者建造并运营该资产。
业务,为获取利润而开展的相互关联的活动和资产的集合。,购买方将该业务作为持续经营的整体购入。
同一控制下的企业合并,各主体最终均受同一方控制的合并。,两家子公司的合并属于同一控制下的企业合并。
企业合并,规范购买方在合并中如何确认和计量资产、负债及商誉的准则。,该项收购按照企业合并准则进行了会计处理。
企业合并——初次报告的公允价值和商誉的后续调整,对合并中暂时确定的公允价值和商誉进行的事后更正。,该准则规范了初次报告的公允价值和商誉的后续调整。
企业合并——“交换日”和权益工具的公允价值,关于企业合并中交换日以及权益工具公允价值的指引。,该解释公告处理了企业合并中的交换日问题。
企业合并——购买或权益结合的分类,将企业合并分类为购买或权益结合。,该合并被分类为购买。
业务模式,主体管理其金融资产的方式。,业务模式决定金融资产如何分类。
业务分部,主体中从事赚取收入并发生费用的业务活动的可区分组成部分。,每个业务分部的成果在分部附注中单独报告。
业务单元,主体经营活动的组成部分。,该业务单元作为单独的组成部分予以报告。
采购分部,主体中作为采购决策单位的组成部分。,采购分部自行谈判签订了其供应合同。
按金融资产类别,按金融资产类别对信息进行分项披露。,信用风险按金融资产类别予以披露。
副产品,在联合生产过程中附带生产的次要产品，其价值相对于主要产品并不重大。,副产品按可变现净值计量，并从主要产品的成本中扣除。
看涨期权,赋予购买资产权利的合同。,卖出（签发）的看涨期权作为负债处理。
可赎回,发行人可以在到期前赎回的金融工具。,该债券可由发行人选择提前赎回。
利率上限,利率的最高限额。,该贷款对浮动利率设有上限。
资本,投入主体的资源。,资本在权益中列报。
资本增值,投资或资产价值超过其原始成本的增值。,持有该项投资主要是为了资本增值，而非股利收入。
资本法,以财务或实物形式保全资本。,资本法区分财务资本和实物资本。
资本资产定价模型,将预期收益与系统性风险相联系的模型。,资本资产定价模型用于估计权益成本。
资本投入,所有者为换取权益份额而投入的资源。,母公司对其子公司进行了资本投入。
资本支出,用于购置或改良长期资产并予以资本化而非计入费用的支出。,新工厂的资本支出被确认为不动产、厂房和设备。
资本利得,以高于成本的价格出售资本资产所获得的利润。,该主体报告了土地出售产生的资本利得。
资本保全,只有在资本得到保全之后才赚取利润的概念。,资本保全可以按财务或实物方式计量。
资本保全调整,在通货膨胀会计中为保全资本而进行的调整。,一项资本保全调整被确认计入权益。
资本化,将成本记录为资产。,借款费用的资本化适用于符合条件的资产。
利息资本化,将可直接归属于符合条件的资产的购置或建造的借款费用计入该资产的成本。,用于建造工厂的贷款，其利息资本化自开工时开始。
封顶利率,设有上限的利率。,封顶利率对借款人起保护作用。
上限机制,限制利率或支付额上升幅度的条款。,上限机制限制了该贷款的利率。
按成本列账,以初始成本经调整后的金额计量资产或负债。,对子公司的投资在个别报表中按成本列账。
结转,将金额（如亏损或余额）转入未来期间。,未使用的税收亏损可以结转，用以抵减未来的应纳税利润。
账面金额,在财务状况表中确认的金额。,该建筑物的账面金额已重估。
现金,主体持有的库存货币和活期存款。,现金包括纸币、硬币和银行存款。
现金替代,以现金而非股份结算奖励的选择权。,向员工提供了以现金替代股份奖励的选项。
收付实现制,在现金收付时确认交易。,在收付实现制下，收入在收到现金时予以确认。
现金等价物,期限短、流动性强、易于转换为已知金额的现金且价值变动风险很小的投资。,现金等价物包括到期日为三个月或更短的国库券。
现金流量,现金流入或流出主体的变动。,现金流量预测涵盖未来十二个月。
现金流量套期,对现金流量变动风险敞口的套期。,该远期合同被指定为现金流量套期。
现金流量预测,用于估值的未来现金流入和流出估计数。,减值测试采用了五年的现金流量预测。
现金流量风险,与金融工具相关的未来现金流量金额发生波动的风险。,浮动利率贷款使主体面临现金流量风险。
现金流量表,报告某一期间现金流入和流出的报表。,现金流量表显示经营活动现金流入强劲。
现金流量表,列示某一期间现金流入和流出的报表。,现金流量表将现金流量分类为经营活动、投资活动和筹资活动。
现金流量,现金及现金等价物的流入和流出。,现金流量表报告经营活动产生的现金流量。
现金产出单元,产生现金流入的最小资产组。,减值在现金产出单元层面进行测试。
现金流入,因经营、投资或筹资活动而产生的现金及现金等价物的增加。,本年度最大的现金流入来自出售一家子公司。
现金工具套期,使用现金工具进行的套期。,现金工具套期降低了外汇风险敞口。
库存现金,实体实际持有的纸币和硬币。,库存现金在每日营业结束时清点。
现金流出,减少主体现金余额的现金支付。,购置设备导致了重大的现金流出。
现金支付,主体在期间内报告的现金及现金等价物的流出。,支付给供应商的现金付款被分类为经营活动现金流量。
现销价格等值,如果立即付款则应支付的金额。,该资产按其现销价格等值入账。
现金所得款项,从交易或处置中收取的现金。,出售所得的现金款项已立即确认入账。
退保现金价值,解除保险合同时收取的金额。,该保险合同的退保现金价值被确认为资产。
以现金结算的股份期权,以现金结算的以股份为基础的支付。,以现金结算的股份期权产生一项负债。
以现金结算的以股份为基础的支付交易,指主体基于权益工具的价值以现金结算该义务的以股份为基础的支付交易。,以现金结算的以股份为基础的支付交易项下的义务，于每个报告日进行计量。
巨灾债券,将巨灾风险转移给投资者的债券。,该巨灾债券将风险转移给了投资者。
巨灾预计负债,为重大灾难事件造成的损失而计提的准备。,保险人在风暴过后增加了巨灾预计负债。
再保险分出人,将风险或资产转移给另一方的当事人。,再保险分出人将部分风险转移给了再保险人。
可转让定期存单,代表定期存款、可在到期前进行转让交易的银行可流通票据。,司库部门将多余现金投资于期限为三个月的可转让定期存单。
资本化的停止,停止将成本计入资产价值的时点。,当资产达到可使用状态时，资本化即告停止。
会计估计变更,对以前已确认的估计所作的调整，采用未来适用法处理。,会计估计变更采用未来适用法。
现有弃置、复原及类似负债的变动,弃置和复原预计负债的变动。,现有弃置负债的变动计入资产成本。
首席执行官,主体中最高级别的管理人员。,首席执行官属于关键管理人员。
首席经营决策者,负责分配资源并评估经营分部业绩的人员或团体。,经营分部根据首席经营决策者审阅的报告予以确定。
索赔,要求付款的请求或一项权利。,该索赔已确认为一项预计负债。
赔款进展,保险索赔在一段时间内被报告和结案的模式。,赔款进展表按年度显示已发生的损失。
甲类优先股,相对于普通股享有优先权利的一类股份。,甲类优先股在股利支付方面享有优先顺位。
资产类别,为披露和重估目的，按相似性质和用途对资产进行的分组。,为避免选择性计量，重估价必须应用于整个资产类别。
金融资产类别,具有相似特征的金融资产组别。,披露须按金融资产类别进行。
金融工具类别,具有相似特征的金融工具的分组。,披露按金融工具类别提供。
不动产、厂房和设备类别,性质和用途相似的不动产、厂房和设备的分组。,重估价应用于整个不动产、厂房和设备类别。
分类,将项目归入相应类别。,金融资产的分类取决于业务模式。
金融工具的分类——或有结算条款,关于或有结算条款如何影响金融工具归类为负债或权益的指引。,该解释对存在或有结算条款的金融工具的分类作出了规范。
存货的分类,对存货项目进行归类。,存货的分类将原材料与产成品区分开来。
配股的分类,确定配股属于负债还是权益。,配股的分类取决于所用货币。
清理性赎回权,当剩余余额变得微不足道时将其提前赎回的选择权。,发行人对其剩余票据行使了清理性赎回权。
个人关系密切的家庭成员,在与主体的往来交易中，可能影响该个人或受该个人影响的家庭成员。,向该个人关系密切的家庭成员进行的销售已作为关联方交易予以披露。
密切相关,与某项交易或某一方具有紧密的经济联系。,这两份合同密切相关，应合并处理。
市场收盘价,市场交易结束时的报价。,这些股票采用市场收盘价进行计量。
期末汇率,报告日的即期汇率。,货币性项目按期末汇率折算。
合作社,由其成员拥有并控制的主体。,合作社由其成员而非投资者控制。
利率上下限（领口）,由上限和下限组合而成，用于限定利率或价格波动区间的安排。,主体签订了一项利率上下限（领口）协议，以限制其面临市场利率变动的敞口。
抵押品,为担保贷款而质押的资产。,抵押品为银行贷款提供了担保。
已抵押的（资产、借款）,以质押资产作为义务担保而获得支持的。,该抵押借款以应收款项作担保。
可收回性,到期款项实际能够收回的可能性。,只有在可收回性得到合理保证时，收入才予以确认。
收款,从客户处收取现金以结清应收款项。,逾期商业应收款项的收回改善了公司的现金状况。
收款日期,预期收回应收款项的日期。,收款日期被推迟至三月。
集体商标,用以区分协会成员商品的标志。,集体商标归协会所有，而非归某一个成员所有。
共同权力,由一方以上共同持有的权力。,两名投资者对主体拥有共同权力。
混合（复合）金融工具,同时包含负债和权益组成部分的工具。,可转换债券是一种混合（复合）工具。
开始日,租赁或其他安排生效并产生相关权利和义务的日期。,承租人在租赁开始日确认一项使用权资产。
租赁期开始日,承租人能够使用租赁资产的日期。,租赁负债于租赁期开始日进行计量。
商业贷款,向企业而非个人发放的贷款。,商业贷款的条款契合企业需求。
商业票据融资便利,使短期无担保债务得以发行的安排。,公司为筹措营运资金动用了其商业票据融资便利。
商业实质,交易必须改变主体未来现金流量方可予以确认的要求。,由于现金流量未发生改变，该资产交换缺乏商业实质。
具有商业可行数量的矿产资源,能够以商业方式盈利开采的矿产储量。,商业可行数量一经确认，勘探活动即告停止。
佣金,因促成交易而支付给代理人的费用。,经纪人从该笔销售中赚取了佣金。
承诺,约定实施未来行为的具有约束力的协议。,主体披露了一项关于资本性采购的确定承诺。
承诺日,作出承诺的日期。,承诺日影响该安排的计量。
承诺费,贷款人就承诺在贷款额度下提供资金而收取的费用。,承诺费在贷款额度存续期内摊销。
大宗商品,在市场中交易的基础性商品。,该大宗商品按公允价值计量。
可比性,使使用者能够识别异同的信息质量特征。,可比性要求会计政策保持一致。
跨期可比性,使使用者能够比较主体各期间报表的质量特征。,一致的会计政策提高了跨期可比性。
可比中期,在中期财务报表中为比较目的列示的上一年度对应中期。,半年度业绩与上一年度的可比中期一并列报。
比较资产负债表,与前期数字并列列示的资产负债表。,比较资产负债表涵盖上一年度。
比较信息,与本期数字并列列示的前期金额。,为保持一致，比较信息已作重述。
比较财务状况表,与前期并列列示以便比较的资产负债表。,已列报上一年度的比较财务状况表。
带薪缺勤,诸如年假或病假之类的带薪休假。,带薪缺勤在职工提供服务时予以确认。
补偿,应付给职工或第三方的款项，或因损失或损害而收取的赔付款项。,主体就仓库的火灾损害从其保险人处获得了补偿。
竞争损害豁免,对若披露将损害竞争力的信息给予的豁免。,主体对分部数据适用了竞争损害豁免。
互补资产,组合起来产生的效益大于各自单独使用时效益的资产。,软件和硬件是互补资产。
一套完整的财务报表,所要求列报的全部报表，包括资产负债表、损益以及附注。,主体列报了一套完整的财务报表。
完整性,财务信息包含使用者理解所必需的全部交易和事项的特性。,审计师评估了已记录负债的完整性。
遵循国际会计准则,使财务报表符合国际会计准则。,附注证实了对国际会计准则的遵循。
组成部分,某一项目中单独核算的部分。,该资产的一个重要组成部分已被更换。
主体的组成部分,其活动在经营上能够区分的业务。,主体一项已终止经营的组成部分被单独列报。
权益的组成部分,构成权益的各个部分。,股本和储备属于权益的组成部分。
复合金融工具,同时包含负债和权益组成部分的非衍生金融工具，例如可转换债券。,可转换债券是拆分为负债和权益组成部分的复合金融工具。
复合金融工具,同时包含权益和负债组成部分的工具。,复合金融工具被拆分为其各组成部分。
复合工具,同时包含负债和权益组成部分的金融工具。,可转换债券是一种复合工具。
（信用等）风险集中,对单一交易对手或归并在一起的类似风险的敞口。,主体按客户披露了其信用风险集中情况。
置信水平,在精算或风险计量中，实际结果将落在既定区间内的概率。,精算师在估计预计负债时使用了95%的置信水平。
现金流量的配置特征,与被转让资产相关联的现金流量的性质。,现金流量的配置特征影响了会计处理。
共识,各方就特定事项达成的一般性一致意见。,委员会就该解释达成了共识。
相应修订,因另一项变更而作出的修订。,已对相关准则作出相应修订。
对价,为换取某物而给付的代价。,所转移的对价按公允价值计量。
一致性——备选方法,要求主体在各期间一贯运用相同方法的会计原则，包括使用备选方法时。,一致性要求，备选方法一经选定，应在以后期间一贯运用。
一致性——借款费用资本化,一贯地运用相同的会计政策。,借款费用的资本化应保持一致。
一致性——存货的不同成本计算方法,要求各期间一贯使用存货成本计算方法。,该指引涉及存货不同成本计算方法的一致性。
合并及单独财务报表,规范集团及单体财务报表列报的准则。,合并财务报表与单独财务报表遵循不同的计量规则。
合并资产负债表,将母公司及其子公司作为单一主体列示其资产、负债和权益的报表。,合并资产负债表将母公司及其全部子公司合并列报。
合并财务报表,将母公司和子公司作为单一主体合并编制的集团报表。,该集团每年编制合并财务报表。
合并财务报表及对子公司投资的会计处理,规范集团财务报表及子公司投资的准则。,合并财务报表将集团作为单一主体列报。
合并集团,作为单一主体列报的母公司及其子公司。,合并集团包括所有受控制的子公司。
合并财务状况表,合并母公司与子公司的集团资产负债表。,合并财务状况表抵销集团内部往来余额。
合并,将母公司及其子公司的财务报表合并为一套财务报表的过程。,母公司控制的所有子公司均须纳入合并。
合并调整,合并报表时作出的调整。,合并调整抵销集团内部利润。
合并及权益法——潜在表决权与所有者权益份额的分配,关于潜在表决权及所有者权益份额分配的指引。,潜在表决权影响合并及权益法的运用。
合并目的,通过合并母公司及其子公司所要实现的目标。,为合并目的而采用统一的会计政策。
合并——特殊目的主体,关于主体何时必须将其控制的特殊目的主体纳入合并的指引。,根据特殊目的主体合并的相关规定，该基金已纳入集团账目。
建造合同,为在约定期间内建造资产而订立的合同。,建造合同的收入在一段时间内确认。
建造合同,专为建造某项资产而协商订立的合同。,建造合同的收入按完工程度确认。
建造或升级服务,建造或改良基础设施资产的服务。,建造或升级服务产生的收入在一段时间内确认。
推定义务,因既定惯例或政策而产生的义务。,推定义务可能因已公布的政策而产生。
消费者价格指数,衡量消费者为购买一篮子商品和服务所支付的价格随时间平均变动的指标。,由于三年累计消费者价格指数超过100%，该经济被认为属于恶性通货膨胀经济。
或有事项,结果不确定的情况。,该或有事项已予披露，但未予确认。
或有资产,因过去事项而可能存在的资产，其存在仅由未来事项的发生予以证实。,或有资产予以披露，但不予确认。
或有对价,视未来事项或业绩而定而应付的额外对价。,或有对价在购买日按公允价值计量。
或有对价安排,在企业合并中约定如果发生特定未来事项即支付额外对价的协议。,该或有对价安排要求购买方在实现利润目标时支付更多款项。
或有负债,取决于不确定未来事项的可能义务。,该或有负债已予披露，但未予确认。
或有租金,根据未来条件而变动的租赁付款额。,或有租金取决于承租人的销售量。
或有结算条款,其结算取决于未来事项的条款。,为该项担保确认了一项或有结算条款。
或有股份协议,在满足条件时发行股份的协议。,该或有股份协议取决于未来的利润。
或有可发行普通股,在满足特定条件时主体可能被要求发行的普通股，纳入稀释每股收益的计算。,当条件满足时，或有可发行普通股纳入稀释每股收益的计算。
或有可发行股份,仅在满足特定条件时方可发行的股份。,当条件满足时，或有可发行股份纳入稀释每股收益的计算。
持续涉入,转让方对所转让资产保留的持续风险敞口。,转让方保留了对该应收款项的持续涉入。
持续涉入法,计量转让金融资产后所保留权益的方法。,对已转让的应收款项采用了持续涉入法。
持续经营业务,未被终止且在利润表中单独列报的主体经营业务。,尽管处置了零售部门，持续经营业务的利润仍有所上升。
合同,在各方之间设立可强制执行的权利和义务的协议。,该合同由双方于六月签署。
合同性无形资产,因合同性权利或法定权利而产生的无形资产。,许可证属于合同性无形资产。
可以（普通）股份或现金结算的合同,赋予主体或持有者以股份或现金进行结算之选择的合同。,以股份或现金结算的合同作为复合工具处理。
合同安排,受合同规限的安排。,该服务是在合同安排下提供的。
合同现金流量,合同条款规定的现金流量，用于评估金融资产是否通过仅支付本金和利息的测试。,根据合同现金流量的收取方式评估业务模式。
合同履行完毕,合同义务得以履行的日期。,收入可在合同履行完毕之日确认。
合同到期期限分析,对金融负债按合同将于何时到期所作的分析。,合同到期期限分析按期间列示现金流量。
合同义务,因合同产生的、可依法强制执行的义务。,该主体负有交付货物的合同义务。
收取现金流量的合同权利,因合同产生的、收取金融资产现金流量的法定权利。,该主体将其收取现金流量的合同权利转让给了保理商。
合同权利,因合同产生的可强制执行的权利。,商誉包括某些合同权利。
合同条款和条件,规定合同权利和义务的明示条款。,该工具的分类取决于其合同条款和条件。
合同——法律标准,根据法定权利或合同权利辨认无形资产的标准。,合同——法律标准支持确认该无形资产。
合同关联工具,现金流量通过合同相互关联的工具。,合同关联工具作为一个组别进行评估。
已缴股本,股东为换取主体股份而缴入的资本金额。,向现有股东发行新股后，已缴股本有所增加。
缴存额（出资）,向计划缴存的款项或所有者投入的款项。,养老金计划的缴存额按年支付。
缴存人（出资方）,向某项安排提供资产或资金的参与方。,每一缴存人按其份额比例获得利益。
控制,为获取利益而统驭主体财务和经营政策的权力。,母公司对其子公司拥有控制权。
（对资产的）控制,获取资产经济利益并限制他人获取这些利益的权力。,承租人取得了对该资产的控制，并确认了一项使用权资产。
（对企业的）控制,统驭主体财务和经营政策的权力。,对企业的控制于十月取得。
（对主体的）控制,为获取利益而统驭财务和经营政策的权力。,母公司于三月取得对该子公司的控制。
控制数,用以证明潜在普通股剩余影响的数字。,控制数证实了稀释每股亏损的情况。
受控主体,被另一主体控制的主体。,受控主体由其母公司合并。
便利翻译,仅为方便读者而将财务报表翻译成另一种货币，并未依据准则进行重述。,财务报表的便利翻译采用期末汇率编制。
趋同,使各国准则与国际准则趋于一致。,趋同旨在使会计准则在全球范围内协调一致。
转换系数,用于将可转换工具转换为股份的比率。,转换系数决定每张债券可转换的股份数。
转换选择权,将一项金融工具转换为另一项金融工具的权利。,该转换选择权是债券内的一项嵌入衍生工具。
可转换债券,持有者可将其转换为固定数量发行方普通股的债券。,该可转换债券被分拆为负债成分和权益成分。
可转换债务,可转换为发行方权益股份的债务。,该可转换债务被分拆为负债和权益。
可转换工具,可转换为权益股份的金融工具。,可转换工具被分拆为负债成分和权益成分。
可转换优先股,可转换为普通股的优先股。,可转换优先股纳入稀释每股收益的计算。
版权,对创作作品享有的法定权利。,该版权被确认为一项无形资产。
核心商誉,商誉中代表被收购业务的预期协同效应和持续经营要素的部分。,核心商誉代表两项业务合并所预期的协同效应。
总部资产,为整体主体服务的资产。,在测试单位组时，需分摊总部资产。
成本,为取得资产而耗费的资源金额。,该资产在初始确认时按成本计量。
成本计算方法,分配存货成本的方法，例如先进先出法或加权平均法。,该主体对存货采用加权平均成本计算方法。
成本法,按取得成本记录资产的计量方法，用于某些投资以及在特定规则下用于存货。,在成本法下，对子公司的投资按其原始购买成本列账。
成本模式,将资产按成本减去累计折旧进行会计处理的会计政策。,该主体对其建筑物采用成本模式。
收购成本,为取得对另一主体的控制权而支付的对价。,收购成本包括支付的现金和所发行的权益。
以不相似资产交换或部分交换取得的资产的成本,当交换性质不同的资产时，成本按公允价值计量。,以不相似资产交换取得的资产的成本即其公允价值。
以相似资产交换或部分交换取得的资产的成本,交换性质相似的资产时的成本计量。,对于相似资产，成本为换出资产的账面金额。
投资成本,取得投资所支付的金额或所给予对价的公允价值，某些情况下包括可直接归属于该投资的交易费用。,在子公司中的投资成本包括所转移对价的公允价值。
在子公司、共同控制主体或联营企业中的投资成本,对另一主体投资的成本。,该投资的成本按所给予对价的公允价值计量。
加工成本,将材料加工为产成品所发生的成本。,加工成本包括直接人工和间接费用。
存货成本,存货的采购成本、加工成本以及其他成本的总和。,存货成本包括加工成本。
服务提供者的存货成本,服务提供者就存货确认的成本，主要包括人工以及与提供服务直接相关的其他成本。,就该咨询公司而言，其作为服务提供者的存货成本主要由直接人员工作时间构成。
采购成本,所支付的价款加上可直接归属于采购的支出。,存货按采购成本计量。
成本加成合同,按约定补偿承包商成本并另加一笔费用的合同。,在成本加成合同下，经允许的成本将获得补偿。
成本加成法,在成本基础上加计利润加成的转让定价方法。,在成本加成法下，在供应商成本的基础上加计一定的利润加成。
成本收回法,仅在可收回成本的范围内确认收入的方法。,成本收回法在成本的范围内确认收入。
基于成本的计量,将项目按其历史成本记录，并根据折旧、摊销或减值进行调整的计量方法。,持有供自身使用的投资性房地产，在所选定的模式下采用基于成本的计量。
加工成本,将材料加工为产成品的成本。,加工成本包括人工和间接费用。
处置费用,可直接归属于处置资产的增量成本。,处置费用从公允价值中扣除。
修改现有软件的成本,为更改或升级已购置的软件而发生的支出。,修改现有软件的成本已予以资本化。
出售费用,可直接归属于资产处置的增量费用，不包括财务费用和所得税。,该资产被减记至公允价值减去出售费用后的金额。
交易对手,金融工具或交易中的另一方。,交易对手未能对衍生工具进行结算。
住所所在国,主体拥有其注册办事处或主要办事处的国家。,该主体在附注中披露了其住所所在国。
注册地或居住地所在国,主体注册成立或为居民所在的国家。,注册成立地所在国决定适用的税收规则。
息票,债券的利息支付。,该债券每年支付固定的息票利息。
产生或加剧会计不匹配,导致或加剧相关项目的确认和计量不一致，从而产生计量或确认上的不一致的情形。,只有在消除或显著减少会计不匹配的情况下，主体才可以使用公允价值选择权。
信用违约衍生产品,用于防范违约风险的衍生工具。,该信用衍生工具转移了违约风险。
信用增级,提升某项债务信用质量的安排。,信用增级降低了投资者承担的风险。
信用风险敞口,因交易对手违约而面临损失风险的金额。,信用风险敞口按经批准的限额进行监控。
信贷额度,主体可从贷款人处借入资金、最高不超过约定额度的安排。,该公司为支持扩张获得了额外的信贷额度。
信用保险合同,为客户拖欠应收款项的违约风险提供保障的保险。,该公司为出口业务持有一份信用保险合同。
信用质量,对金融资产或交易对手信用状况的评估。,该主体披露了其应收款项的信用质量。
信用风险,交易对手无法履行其义务的风险。,该主体披露了其面临的信用风险最大敞口。
信用利差,反映信用风险的收益率差额。,更宽的信用利差会提高折现率。
债权人,已向主体提供信贷、主体对其负有付款义务的各方。,财务报表向现有和潜在债权人提供有用的信息。
信用状况,偿还债务的能力。,贷款人评估了借款人的信用状况。
确认标准,项目在入账之前必须满足的条件。,确认预计负债的标准包括存在现时义务。
交叉引用,将报表不同部分列报的信息联系起来的参见指引。,该附注包含对资产负债表的交叉引用。
累计折算差额,折算国外经营的财务报表所产生的累计汇兑差额。,处置境外子公司时，累计的折算差额重新分类计入损益。
累计追加折旧,自资产重估价以来计提的额外折旧总额。,累计追加折旧已转入留存收益。
累计计提利息,迄今为止在金融工具上累计的利息总额。,累计计提的利息增加了账面金额。
累计优先股股利,尚未支付且会累积结转的优先股股利。,为计算每股收益，累计优先股股利从利润中扣除。
累计折算差额,在权益中累计的汇兑差额。,累计折算差额在处置时重新分类。
货币风险,金融工具的公允价值或未来现金流量因外汇汇率变动而波动的风险。,该主体按货币种类和到期期限披露其货币风险敞口。
货币折算,将金额换算为另一种货币。,货币折算时，资产采用期末汇率折算。
货币单位,对金额进行计量和列报所使用的货币单位。,金额以列报主体的货币单位表示。
流动资产,预计在正常营业周期内变现的资产。,存货被归类为流动资产。
现行成本,现时购置一项资产所必须支付的现金或现金等价物的金额。,更换该机器的现行成本远高于其历史成本。
现行成本法,使用重置资产所需的现行成本进行计量的方法。,现行成本法反映当前的重置价格。
短期投资,预计在一年内变现的投资。,该短期投资按公允价值计量。
流动负债,预计在十二个月内清偿的义务。,应付账款列示于流动负债项下。
现行报价,金融工具的现行市场报价。,公允价值基于现行报价确定。
当期服务成本,因职工当期服务而导致的设定受益义务现值的增加。,当期服务成本直接确认为当期损益。
当期所得税,当期应支付的所得税。,当期所得税按已颁布的税率计量。
削减,设定受益计划范围的重大缩减。,计划的削减降低了未来的福利义务。
缓冲,提供保障的超额部分，例如用于吸收损失的次级档。,次级档起到抵御损失的缓冲作用。
客户名单,代表客户信息的无形资产，通常在企业合并中确认。,合并中取得的客户名单被确认为一项无形资产。
客户忠诚度计划,向客户授予积分、可用于未来兑换商品或服务的方案。,该航空公司的客户忠诚度计划授予可兑换的里程。
客户关系无形资产,因与现有客户的关系而产生的无形资产。,客户关系无形资产在收购中已予确认。
数据库,作为无形资产处理的有组织的数据集合。,购入的数据库被确认为一项无形资产。
购买日,取得被购买方控制权的日期。,商誉于购买日计量。
交换日,对资产交换或收购交易进行确认和计量的日期。,资产的公允价值在交换日确定。
过渡到国际财务报告准则日,第一个国际财务报告准则报告期的期初。,过渡到国际财务报告准则日决定了期初报表的确定。
交易性证券,主体为交易目的而持有的证券。,交易性证券按公允价值计量。
死亡福利,成员死亡时支付给受益人的款项。,该计划向参与者的家属提供死亡福利。
债务,因过去事项而产生的向另一方转移经济资源的义务。,公司发行新债券后，债务总额有所增加。
债转股,以权益股份交换债务义务的交易。,此次重组包括若干项债转股交易。
债务工具,代表付款义务的金融工具。,债务工具可以按摊余成本计量。
债务证券,代表债权关系的金融工具。,债务证券根据业务模式进行分类。
债务与调整后资本比率,债务与调整后资本之间的比率。,债务与调整后资本比率衡量财务杠杆水平。
债务与权益比率,将总负债与股东权益相比较的财务比率，反映财务杠杆和风险。,该主体的债务与权益比率保持在与其贷款人约定的契约限制范围内。
决策树,用于做出决策的结构化指南。,决策树有助于对金融工具进行分类。
决策有用信息,有助于使用者做出经济决策的信息。,财务报表应当提供决策有用信息。
弃置,将资产停止使用并恢复场地的过程。,已为工厂的弃置确认了一项预计负债。
弃置费用,在资产使用寿命结束时，预计因拆除或恢复场地而发生的费用。,工厂建造时，确认了一项弃置费用预计负债。
弃置基金,为未来拆除费用而拨出的受限制资产。,弃置基金存放于单独的账户中。
弃置义务,使用后拆除并恢复场地的义务。,弃置义务作为预计负债予以确认。
弃置、恢复及环境修复基金,为弃置和环境恢复而拨出的资金。,对弃置基金的缴款确认为一项资产。
可抵扣暂时性差异,会减少未来应纳税金额的差异。,可抵扣暂时性差异会产生递延所得税资产。
认定成本,在首次采用国际财务报告准则时，用作成本替代金额的金额，例如过渡日的公允价值。,首次采用时，主体选择过渡日的公允价值作为其不动产的认定成本。
递延,推迟确认。,在有限的情况下，主体可以递延确认。
递延法,将某一项目分摊至未来期间的方法。,在递延法下，补助在一段时间内予以确认。
递延取得成本,确认为资产并随时间摊销的保险取得成本。,递延取得成本在保单期间内摊销。
递延收益,在相关收入赚取之前收到款项而形成的负债。,预收的订阅费已记录为递延收益。
递延保单取得成本,保险人递延并在保单期间内摊销的取得成本。,递延保单取得成本在合同期间内摊销。
递延所得税,因暂时性差异而于未来期间应付或可收回的税款。,递延所得税因暂时性差异而产生。
递延所得税资产,因可抵扣差异而于未来期间可收回的税款。,在很可能收回的范围内，确认递延所得税资产。
递延所得税收益,因递延所得税而确认的所得税收益。,递延所得税收益因暂时性差异的转回而产生。
递延所得税负债,因应纳税暂时性差异而于未来期间应付的所得税金额。,递延所得税负债因资产的账面金额与其计税基础之间的暂时性差异而产生。
赤字余额,负余额。,该计划在年末存在赤字余额。
设定受益负债,承诺的退休福利现值减去计划资产后的金额。,由于折现率下降，设定受益负债增加。
设定受益义务,应付员工的承诺退休福利的现值。,设定受益义务采用市场利率进行折现。
设定受益义务（现值）,为结算员工截至目前已提供的服务所需的预期未来福利支付的现值。,精算师在年末计算了设定受益义务的现值。
设定受益计划,承诺在退休时提供特定福利的离职后福利计划。,该设定受益计划出现了大额赤字。
设定受益计划,福利由公式确定的离职后福利计划。,设定受益计划义务采用精算方法计量。
设定提存计划,雇主缴存固定提存金的养老金计划。,在设定提存计划下，雇主的义务仅限于所缴存的提存金。
即期应付金额,应要求即期支付的金额。,贷款的即期应付金额须立即偿还。
活期存款,存款人可随时无需事先通知即可提取的存款。,活期存款因可按要求偿还而被归类为流动负债。
即期赎回特征,允许持有人要求赎回的条款。,即期赎回特征可能导致该金融工具被归类为负债。
公司分立,将一个部门分离为独立实体。,此次公司分立形成了两家分别上市的公司。
明确承诺,受正式计划约束且撤出不具有现实可能性的状态。,主体对重组计划作出了明确承诺。
定期存款账户,存放资金并在固定期限内赚取利息的银行账户。,富余现金存放于一年期定期存款账户中。
存款会计法,将保险合同视同金融存款处理的方法。,存款会计法适用于这些短期合同。
存款部分,嵌入保险合同中的储蓄要素。,存款部分与保险要素相分离。
应折旧金额,资产成本减去其残值后的金额。,应折旧金额在使用寿命内进行分摊。
应折旧资产,需计提折旧的资产。,应折旧资产在其使用寿命内逐步减记。
已折旧重置成本法,一种估值方法，即估计资产的现行重置成本，并扣除累计折旧和减值。,评估师运用已折旧重置成本法估计该工厂的公允价值。
折旧,将有形资产的成本在其使用寿命内进行分摊。,折旧采用直线法计提。
折旧方法,将资产的应折旧金额在一段时间内进行分摊的方法。,折旧方法包括直线法和余额递减法。
终止确认（金融工具）,将金融工具从财务状况表中移除。,主体在转让时终止确认了该金融资产。
终止确认,将先前已确认的资产或负债从财务状况表中移除。,在几乎所有风险和报酬被转移后，该应收账款予以终止确认。
衍生工具,其价值源自标的变量的金融工具。,该衍生工具以公允价值计量。
衍生金融资产,其价值源自标的项目的金融资产。,衍生金融资产以公允价值计量且其变动计入当期损益。
衍生工具特征,使工具的表现类似于衍生工具的特征。,主合同的衍生工具特征要求单独进行会计处理。
衍生金融工具,其价值源自标的项目的工具。,衍生金融工具以公允价值计量。
衍生金融负债,其价值随标的变量变动而变动、且通常以公允价值计量的金融负债。,因利率互换产生的衍生金融负债以公允价值计量且其变动计入当期损益。
指定且有效的套期工具,为套期而正式指定且有效的工具。,指定且有效的套期工具对冲了该风险。
指定为以公允价值计量且其变动计入当期损益,选择以公允价值计量金融工具且其变动计入当期损益。,主体采用了指定为以公允价值计量且其变动计入当期损益的方式。
成本的确定,确定某一项目成本金额的过程。,成本的确定遵循适用的成本计算方法。
确定一项安排是否包含租赁,用于评估合同是否以支付对价为条件让渡资产使用权的指南。,根据确定一项安排是否包含租赁的指南，该合同被作为租赁处理。
开发,将研究成果应用于生产新的或经改进的产品。,开发成本于本年度予以资本化。
开发成本,为开发产品或工艺而发生的、可予以资本化的成本。,开发成本作为无形资产予以资本化。
稀释每股收益,经所有具有稀释性的潜在股份影响调整后的每股收益。,稀释每股收益反映了可转换债券的影响。
稀释,因潜在股份而导致的每股收益减少。,可转换债券导致了每股收益的稀释。
稀释性影响,假如潜在普通股转换为普通股时将会发生的每股收益减少。,股票期权对基本每股收益具有稀释性影响。
具有稀释性的潜在普通股,会降低每股收益的潜在股份。,具有稀释性的潜在普通股会降低基本每股收益。
余额递减法,将固定比率应用于不断减少的账面金额的折旧方法。,余额递减法在早期计提较高的折旧。
直接保险合同,不属于再保险合同的保险合同。,直接保险合同承保保单持有人自身的风险。
直接人工,直接参与商品生产或服务提供的员工人工成本。,直接人工和材料计入产成品的成本。
经营活动现金流量列报的直接法,按主要现金收支总额类别报告经营活动现金流量的方法。,主体采用经营活动现金流量列报的直接法。
直接经营费用,可直接归属于投资性房地产经营的费用。,直接经营费用单独披露。
可直接归属的,可追溯至特定资产或交易的成本。,只有可直接归属的成本才予以资本化。
董事,主体治理董事会的成员。,董事被视为关键管理人员。
分解信息,为向财务报表使用者提供更详细的信息而分解为组成部分或类别的信息。,有关资产类别的分解信息有助于使用者评估主体的风险敞口。
披露,在财务报表中列报信息。,主体必须披露关联方交易。
披露,在财务报表附注中列报信息。,该准则要求对关联方进行广泛的披露。
披露与列报,规范信息在报表中如何列示和说明的要求。,该准则规定了披露和列报要求。
披露法,在附注而非基本财务报表中列报信息的方法。,理事会选择了披露法，而不是在账目中确认该项目。
政府援助的披露,揭示所收到的政府补助的性质和金额。,政府援助须在附注中披露。
披露要求,要求在财务报表中列报信息的规定。,披露要求适用于所有重大项目。
披露——服务特许权安排,有关服务特许权安排的披露要求。,服务特许权安排的披露包括特许期。
银行及类似金融机构财务报表中的披露,适用于银行及类似机构的披露要求。,该准则要求银行进行特定的披露。
终止经营,已处置或被归类为持有待售、且代表单独主要业务线的主体组成部分。,终止经营的成果在利润表中单独列示。
终止经营,已处置或持有待售的组成部分。,终止经营单独列报。
终止中的经营,已处置或已分类为持有待售的组成部分。,终止中的经营单独列报。
折现率,用于将未来现金流量折算为现值的比率。,对这些预测采用了税前折现率。
折现基础,使用折现率将未来现金流量折算为现值的计量方法。,保险人以折现基础计量其负债，以反映货币的时间价值。
按折现基础,通过将未来现金流量折现至现值进行计量。,该预计负债按折现基础予以确认。
折现现金流量预测,折算为现值的预计未来现金流量。,可收回金额以折现现金流量预测为基础。
折现,将未来金额折算为其现值。,该预计负债通过折现未来现金流出量进行计量。
酌情参与特征,分享利润的合同权利。,酌情参与特征使保单持有人有权获得红利。
处置对价,因处置资产或业务而收取或应收的金额。,处置利得按处置对价减去账面金额计量。
处置组,拟一并处置的资产和负债。,处置组按账面金额与公允价值减去出售费用后的净额两者中的较低者计量。
处置计划,出售或以其他方式处置资产的正式计划。,处置计划已获董事会批准。
处置交易,出售或以其他方式处置资产或业务的交易。,该处置交易产生了出售利得。
异议意见,理事会成员对某项准则或决定表示不同意的正式声明。,两名理事会成员对新准则附具了异议意见。
向所有者分配非现金资产,将现金以外的资产作为股利转移给所有者。,该解释涵盖向所有者分配非现金资产的情形。
股利收益率,每股年度股利除以股价。,股利收益率被用作估值的一项输入值。
股利,向股东分配的利润。,报告日之后宣告的股利不确认为负债。
域名,已注册的互联网地址。,域名确认为一项无形资产。
呆账,全额收回存在不确定性、因此需进行减值评估的应收款项。,根据应收账款的账龄分析，为呆账确认了一项预计负债。
顺流交易,母公司向子公司的交易。,顺流交易在合并时予以抵销。
双重上市公司,股份在多家交易所上市的公司。,双重上市公司须向两个监管机构报送报告。
双重触发合同,仅在特定的不确定未来事件发生时才予支付的保险合同。,双重触发合同可作为衍生工具进行会计处理。
鼓励提前应用,准则中允许并鼓励主体在强制生效日期之前应用该准则的表述。,该准则指出，鼓励提前应用，但不作强制要求。
收益,主体在报告期内的净利润。,收益在第四季度大幅增长。
或有收益对价,在达到规定收益目标时应付的额外对价。,或有收益对价将在两年内支付。
每股收益,可归属于每股普通股的利润。,基本每股收益在利润表中披露。
每股收益——可用股份结算的金融工具和其他合同,关于每股收益以及可用股份结算的工具的解释。,该解释涉及可以股份结算的工具。
稀释收益,用于计算稀释每股收益的收益数额，已对全部稀释性潜在普通股的影响进行调整。,稀释每股收益采用稀释收益和稀释加权平均股数计算。
经济利益,由资产所带来的利益。,经济利益包括因使用资产而产生的收入。
经济特征和风险,用于测试嵌入式衍生工具的合同经济特征和风险。,已对主合同的经济特征和风险进行了评估。
使用者的经济决策需求,做出资源配置决策者的信息需求。,财务报表应当满足使用者的经济决策需求。
经济寿命,资产预计在经济上可使用的期间，或预计可从资产中产出的产品数量。,租赁资产的使用寿命未超过其经济寿命。
假定转换的影响,假定已转换的工具对每股收益的影响。,假定转换的影响增加了稀释后的股数。
生效日期,准则或修订必须开始应用的日期。,该修订的生效日期为2025年1月1日。
实际利率法,在金融工具存续期内分摊利息的方法。,该债券采用实际利率法计量。
实际利率,恰好将未来现金流量折现的利率。,实际利率包括交易费用。
汇率变动的影响,规定如何将外币交易和国外经营折算为列报货币的准则。,有关汇率变动影响的准则规范了汇兑差额的确认方式。
勘探和评价资产成本的构成要素,构成勘探和评价资产成本的各个组成部分。,成本构成要素包括购置成本和勘探成本。
适用条件,采用特定处理方法所必须满足的要求。,该套期满足全部适用条件。
符合资本化条件,符合确认为资产而非费用的条件。,借款费用符合资本化条件。
合格被套期项目,符合套期会计条件的资产、负债或预测交易。,购买钢材的确定承诺是一项合格被套期项目。
与联营企业交易产生的未实现损益的抵销,抵销与联营企业交易中产生的内部未实现利得。,该准则要求抵销与联营企业交易中产生的未实现损益。
嵌入式衍生工具,包含在主合同中的衍生工具组成部分。,该嵌入式衍生工具已与主合同分离。
嵌入式提前还款罚金,包含在主合同中的罚金条款。,嵌入式提前还款罚金已与主合同分离。
职工薪酬,向职工提供的各种形式的对价。,职工薪酬包括工资、养老金和股份期权。
员工持股计划,职工取得本主体股份的安排，通常作为报酬的一种形式。,员工持股计划赋予职工按折价取得股份的权利。
员工购股计划,允许职工购买股份的计划。,员工购股计划鼓励职工持有股份。
员工流动率,职工离职并被替换的比率。,员工流动率会影响股份支付的估计数。
职工和提供类似服务的其他人员,在主体指挥下向主体提供个人服务的人员。,股份支付适用于职工和提供类似服务的其他人员。
雇主的工资税和保险缴费,雇主代表其职工缴纳的税款和社会保障缴费。,雇主的工资税和保险缴费作为职工薪酬费用的组成部分予以确认。
颁布,税法正式通过并实质上生效。,递延所得税在新法律颁布后进行计量。
报告期末,财务报表涵盖期间的最后一日。,资产于报告期末进行计量。
报告期末,财务报表涵盖期间的最后一天。,报告期末之后的事项需评估是否需要调整。
契约条款的强制执行,对借款人适用合同约定条件。,执行契约条款使贷款人有权要求偿还借款。
强化披露,为使使用者更好地了解主体的交易和风险而要求的额外披露或更详细的披露。,强化披露要求适用于使用公允价值计量的主体。
企业,从事经营活动的主体。,该企业编制通用目的财务报表。
股份（未）公开交易的企业,按其股份是否公开交易进行区分的主体。,该准则适用于股份未公开交易的企业。
债务或权益证券公开交易的主体,证券在公开市场上市或交易的主体。,此类准则适用于债务或权益证券公开交易的主体。
主体,编制财务报表的任何可区分的经济单位。,报告主体列报该集团的合并财务报表。
主体特定价值,资产对持有它的特定主体而言的价值。,主体特定价值可能与公允价值不同。
环境义务,防止、减少或修复环境损害的义务。,环境义务确认为预计负债。
同等显著列报,以同等重要程度列报所有财务报表。,所有报表均以同等显著程度列报。
平衡准备,用于在一段时间内平滑保险赔款的准备。,某些司法管辖区不允许计提平衡准备。
权益,主体的资产扣除全部负债后的剩余权益。,由于本年度利润和发行股票，权益总额有所增加。
权益法——亏损的确认,在权益法下确认亏损。,权益法下亏损的确认以投资额为限。
权益余额,构成股东权益的组成部分及其金额。,权益余额包括股本和留存收益。
权益资本,所有者投入的资金，与借入资本相对。,权益资本为抵御亏损提供了缓冲。
权益性薪酬福利（股份薪酬福利）,以主体自身权益工具的形式授予职工的福利。,权益性薪酬福利按所授予股份的公允价值计量。
权益性薪酬计划（股份薪酬计划）,以股份或股份期权向职工支付报酬的安排。,权益性薪酬计划已获股东批准。
权益成分,复合工具中归类为权益的部分。,权益成分按剩余金额计量。
权益持有者,主体权益工具的所有者。,应披露归属于母公司权益持有者的利润。
权益指数,追踪股票价格的指数。,收益与某一权益指数挂钩。
权益工具,证明在扣除主体所有负债后对主体资产享有剩余权益的任何合同。,普通股是主体发行的权益工具的一个例子。
已授予的权益工具,在以股份为基础的支付安排下发行的权益工具。,已授予的权益工具的公允价值在授予日进行计量。
权益份额,以股份表示的对主体的所有权权益。,本集团在多家联营企业中持有权益份额。
股票发行,为筹集资本而发行股份。,此次股票发行为扩张筹集了额外资金。
权益法,对联营企业投资进行会计处理的一种方法，据此按投资方享有的利润份额对投资进行调整。,对该联营企业的30%权益采用权益法进行会计处理。
权益证券,代表对主体所有权的金融工具。,权益证券按公允价值计量。
权益——权益交易的成本,直接归属于发行或取得权益工具的增量成本。,发行新股的交易费用从权益中扣除。
以权益结算的股份支付交易,通过发行权益工具进行结算的交易。,在以权益结算的股份支付中，相关费用贷记权益。
预计成本,为未来估计的成本。,完工预计成本于每一期间进行复核。
预计未来现金流量,用于估值和减值测试以确定可收回金额的预测现金流量。,可收回金额是基于折现至现值的预计未来现金流量确定的。
欧式股票期权,仅能在到期日行权的期权。,欧式股票期权只能在到期时行权。
涉及租赁法律形式的交易实质的评估,根据交易的实质评估该交易是否属于租赁。,尽管有其法律形式，我们仍对交易的实质进行了评估。
事件驱动的公允价值计量,由特定事件而非定期报告触发的公允价值计量。,重组完成后需要进行事件驱动的公允价值计量。
资产负债表日后事项,发生在报告日与财务报表批准报出日之间的事项。,根据资产负债表日后事项准则，该火灾被作为调整事项处理。
报告期后事项,发生在报告日与财务报表获得批准之间的事项。,报告期后事项需要对年末数字进行调整。
资产负债表日后发生的事项,发生在报告日与报表批准之间的有利或不利事项。,管理层在最终确定账目之前评估了资产负债表日后的事项。
最终接受方,最终接受商品或服务的一方。,股份支付的最终接受方在授予时予以确定。
减值证据,表明资产发生减值的客观证据。,减值证据会引发减记。
汇兑差额,以不同汇率将一定数量的某一货币折算为另一货币所产生的差额。,折算境外子公司所产生的汇兑差额计入了其他综合收益。
资产交换,以一项资产换取另一项资产。,资产交换具有商业实质的，按公允价值计量。
汇率,一种货币兑换另一种货币的比率。,上一季度汇率发生了对我们极为不利的剧烈变动。
交换交易,交易双方相互交换资产或服务的交易。,该交换交易以一处不动产换入另一处不动产。
待执行合同,双方均尚未履行任何义务的合同。,待执行合同在任何一方履行义务之前不予确认。
豁免,对应用某一准则或框架的某些要求给予的免除。,该准则为首次采用者提供了若干豁免。
行权日,期权或认股权证可以行权的日期。,股票期权的行权日落在三月。
行使权利,使用某项权利，例如股票期权。,行使权利最终导致发行了新股。
行权价格,期权可以行权的价格。,行权价格被设定在市场价格之下。
现时义务,因过去事项而产生、预期会导致资源流出的现时义务。,只有当报告日很可能存在现时义务时，才确认预计负债。
预期值,各种可能结果的概率加权平均值。,预计负债的预期值是根据各种可能结果计算的。
支出,资源的流出或负债的发生。,今年的资本支出显著增加。
费用,当期经济利益的减少，通常表现为资源的流出。,第四季度营业费用急剧上升。
经验账户,在保险会计中用于追踪实际经验与假设之间差异的名义账户。,经验账户中记录的精算利得反映了好于预期的死亡率。
经验调整,精算假设与实际发生情况之间的差异。,经验调整在今年减少了设定受益计划义务。
到期日,合同或期权失效的日期。,该期权在到期日前未经行权而失效。
明确且无保留的遵循声明,声明财务报表完全遵循国际财务报告准则的声明。,必须作出明确且无保留的遵循国际财务报告准则的声明。
勘探和评价资产,因矿产勘探而产生的资产。,勘探和评价资产须进行减值测试。
勘探和评价支出,为寻找矿产资源以及确定技术可行性和商业可开发性而发生的成本。,在商业可开发性确定之前，勘探和评价支出被确认为资产。
矿产资源的勘探与评价,关于矿产勘探和评价资产的准则。,该准则涉及勘探和评价支出。
征求意见稿,为公开征求意见而发布的准则草案。,理事会发布了关于收入确认的征求意见稿。
重大资产的征收,政府对主体重大资产进行征收的行为。,重大资产被征收导致了大额减值损失。
以权益工具清偿金融负债,关于通过发行债务人自身权益工具清偿金融负债的会计处理指引。,根据以权益工具清偿金融负债的解释公告，该利得计入了当期损益。
非常项目,与日常经营活动明显不同的利得或损失。,国际财务报告准则不再允许单独列报非常项目。
（财务报表或附注的）表内,列报财务报表或附注内容的主体部分。,该披露在财务报表表内列报。
公允列报,在财务报表中如实反映交易。,公允列报要求如实反映主体的财务状况。
公允价值,在有序交易中出售一项资产所能收到的价格。,公允价值采用市场参与者的假设进行计量。
公允价值利得和损失,因在报告日将资产或负债重新计量至其公允价值而产生的利得或损失。,交易投资组合的公允价值利得和损失计入当期损益。
公允价值套期,对公允价值变动的套期。,公允价值套期抵销被套期项目价值的变动。
公允价值减去出售费用,资产的公允价值减去处置成本。,该机器按公允价值减去出售费用进行计量。
公允价值计量,在有序交易中出售一项资产所能收到的价格。,该建筑物的公允价值计量采用了近期市场数据。
公允价值模式,投资性房地产按公允价值进行后续计量、其变动计入当期损益的一种计量模式。,该公司对其全部投资性房地产采用公允价值模式。
如实反映,如实反映其所拟反映内容的信息。,如实反映要求信息完整、中立且无差错。
费用（服务费、会费）,为服务或会员资格支付的费用。,该主体向证券交易所支付了年度会费。
同一母公司下的子公司,与另一主体拥有同一母公司的子公司。,该子公司在同一集团内进行合并。
忠诚保证保险,针对员工不诚实行为提供的保险。,忠诚保证保险承保因员工欺诈造成的损失。
受托活动,主体代表他人持有或管理资产、而不将这些资产确认为自有资产的活动。,受托活动中持有的资产不在主体的财务状况表中予以确认。
受托身份,代表他人行事。,该银行以受托身份为客户提供服务。
先进先出法,存货成本计算方法：先购入的存货先发出。,在先进先出法下，最早的存货最先售出。
先进先出法成本计算公式,假定最早的存货项目最先售出的成本计算方法。,采用先进先出法对期末存货进行了计价。
融资租赁,实质上转移了与所有权相关的全部风险和报酬的租赁。,由于租赁期届满时所有权发生转移，该设备被确认为融资租赁。
融资租赁负债,由实质上转移所有权全部风险的租赁所产生的负债。,融资租赁负债划分为流动部分和非流动部分。
金融资产,指现金、权益工具或收取现金的合同权利等任何资产。,应收账款被确认为金融资产。
以公允价值计量且其变动计入当期损益的金融资产或金融负债,按公允价值计量且其变动计入当期损益的金融工具。,该衍生工具被归类为以公允价值计量且其变动计入当期损益的金融项目。
交易性金融资产或金融负债,为从短期价格变动中获利而持有的金融工具。,交易性金融资产按公允价值计量且其变动计入当期损益。
以反映已发生信用损失的折价取得的金融资产,以已反映已发生信用损失的价格购入的金融资产，其利息收入按经信用调整的实际利率计算。,对于以反映已发生信用损失的折价取得的金融资产，其利息收入采用经信用调整的实际利率予以确认。
财务资本,以货币计量的资本。,财务资本以名义货币单位进行保全。
金融集团,以跨行业金融活动为主导的集团。,该金融集团的业务遍及银行和保险。
财务担保,要求发行人在债务人违约时进行支付的合同。,母公司为子公司的贷款提供了财务担保。
财务担保合同,要求发行人在特定债务人未能履行其义务时进行支付的合同。,母公司就子公司贷款订立的财务担保合同作为或有负债予以披露。
金融机构,提供银行或保险等金融服务的主体。,该金融机构披露了其信用风险敞口。
金融工具,在一方形成金融资产、在另一方形成负债或权益的合同。,衍生工具是以公允价值计量的金融工具。
可按公允价值回售的金融工具,赋予持有人按公允价值将其回售的权利的金融工具。,在有限情况下，可回售工具可能被分类为权益。
金融工具：披露和列报,关于金融工具披露和列报的准则。,该准则处理金融工具的列报方式。
金融工具：披露,要求主体披露金融工具的重要性以及相关风险的性质和程度的准则。,该主体遵守了《金融工具：披露》准则的披露要求。
金融工具：列报,关于金融工具列报的准则。,该准则规范金融工具的列报。
金融工具：确认和计量,关于金融工具会计处理的国际会计准则第39号。,国际会计准则第39号涵盖金融工具的确认和计量。
金融负债,交付现金或另一项金融资产的合同义务。,该债券被分类为金融负债。
以公允价值计量且其变动计入当期损益的金融负债,初始和后续均以公允价值计量、其变动计入当期损益的金融负债。,这些交易性债券被指定为以公允价值计量且其变动计入当期损益的金融负债。
财务业绩,通过收入和费用计量的主体经营成果。,综合收益表反映财务业绩。
财务状况,主体在某一时点的经济资源、义务和权益。,财务状况表反映资产、负债和权益。
财务报告,报告主体的财务状况和经营业绩。,财务报告的目标是提供有用的信息。
恶性通货膨胀经济中的财务报告,要求在恶性通货膨胀下进行重述的准则。,主体在恶性通货膨胀经济中采用重述法。
合营中权益的财务报告,规范合营者如何报告其在共同控制实体和其他合营安排中权益的准则。,关于合营中权益财务报告的准则允许采用比例合并法或权益法。
财务评述,对主体财务状况的审查。,财务评述讨论主体的经营业绩。
金融风险,因金融价格变动而产生损失的风险。,金融风险包括汇率风险和利率风险敞口。
金融服务费,因管理或安排金融资产而收取的费用。,金融服务费已在一段时间内确认为收入。
财务报表,对主体财务状况和业绩的结构化表述，包括附注。,财务报表已于3月20日获批准报出。
财务年度累计基础,自财务年度年初起累计报告结果的基础。,中期报告按财务年度累计基础编制。
筹资活动,导致已缴权益和借款的规模及构成发生变化的活动。,银行借款所得款项被分类为筹资活动。
筹资手段,实质为筹资交易的安排。,该安排在实质上被评估为筹资手段。
居间费,支付给中介机构的费用。,居间费已在发生时计入费用。
产成品,已完成生产过程、可供销售的产品。,产成品按成本与可变现净值孰低计量。
确定承诺,对未来交易具有约束力的协议。,购买存货的确定承诺予以披露。
确定购买承诺,以固定条件购买商品的具有约束力的协议。,该确定购买承诺已针对价格变动进行了套期。
确定销售合同,以固定条件销售商品的具有约束力的协议。,这些确定销售合同锁定了未来一年的价格。
首份国际财务报告准则财务报表,主体采用国际财务报告准则并附有明确遵循声明的首份年度财务报表。,该公司呈报了截至12月31日年度的首份国际财务报告准则财务报表。
首个国际财务报告准则报告期间,主体呈报完整国际财务报告准则财务报表的最早期间。,首个国际财务报告准则报告期间要求重述比较数字。
先进先出法,假定最早取得的存货最先售出的存货成本计算方法。,该公司采用先进先出法对存货进行计价。
国际财务报告准则首次采用主体,首次呈报国际财务报告准则财务报表的主体。,首次采用主体在过渡时采用国际财务报告准则第1号。
首次采用,首次采用国际财务报告准则。,首次采用要求追溯应用。
国际财务报告准则的首次采用,规定主体首次采用国际财务报告准则时必须遵循的程序的准则。,在首次采用国际财务报告准则时，该主体编制了期初国际财务报告准则财务状况表。
首次应用,首次应用国际财务报告准则。,首次应用需要编制期初国际财务报告准则报表。
首次采用国际会计准则作为基本会计基础,针对采用国际会计准则作为基本会计基础的主体提供的指引。,首次应用要求重述比较金额。
固定资产,用于经营活动的长期有形资产。,新机器被记录为固定资产。
固定票息率,债券在其存续期内保持不变的合同利率。,该债券支付每年5%的固定票息率。
固定价格合同,价格既定且不发生变动的合同。,固定价格合同使承包商面临成本超支的风险。
固定生产间接费用,无论产量如何都保持相对稳定的间接生产成本。,固定生产间接费用按正常产能进行分配。
平坦收益率曲线,各期限利率相近的收益率曲线。,在平坦收益率曲线下，短期利率和长期利率相近。
浮动利率,会发生变动的利率或汇率。,该贷款承担与市场利率挂钩的浮动利率。
利率下限,利率或价格的下限，不得跌破该水平，常用于套期安排中。,利率下限保护该主体免受市场利率跌破约定水平的影响。
出于合并目的,为了编制合并报表的目的。,出于合并目的，采用统一的会计政策。
预测,对未来财务结果或状况的预计。,管理层编制了下一年度销售的预测。
预测交易,预期发生但尚未作出承诺的未来交易。,该预测交易已通过远期合同进行套期。
外币,报告主体记账本位币以外的货币。,以外币进行的交易按交易日的即期汇率折算。
外币借款,以主体记账本位币以外的货币计价的债务。,外币借款在折算中产生了汇兑差额。
外币衍生工具,现金流量由汇率驱动的衍生工具。,该集团签订了外币衍生工具以对其出口进行套期。
外币衍生工具,价值取决于汇率的衍生工具。,外币衍生工具被用于对风险敞口进行套期。
外币兑换价格,以外币表示的价格。,外币兑换价格被用于折算。
外币交易,以主体记账本位币以外的货币计价的交易。,外币交易在初始记录时采用交易日的即期汇率。
外币折算储备,归集折算差额的储备。,外币折算储备累积汇兑差额。
国外实体,位于另一国家的子公司或经营活动。,国外实体的资产按期末汇率折算。
外汇合同,按既定汇率兑换货币的协议。,公司签订了外汇合同以固定汇率。
汇兑差额,将以一种货币计价的金额折算成另一种货币所产生的利得或损失。,欧元贷款产生的汇兑差额已计入当期损益。
汇率,一种货币可兑换另一种货币的比率。,折算时采用报告日的汇率。
外汇——严重货币贬值所产生损失的资本化,允许将严重货币贬值产生的某些汇兑损失予以资本化的会计处理。,该主体采用了关于严重货币贬值所产生损失资本化的规定。
境外经营,在另一国家经营的子公司或分支机构。,境外经营的资产按期末汇率折算。
可免除贷款,贷款人可以免除偿还的贷款。,可免除贷款在被免除时作为政府补助处理。
原子公司,以前由母公司控制但不再是子公司的实体。,在原子公司中保留的权益按丧失控制权之日的公允价值计量。
远期合同,约定在未来某一日期购买或出售的合同。,远期合同固定了汇率。
远期票息率,由未来期间的远期利率所隐含的利率。,远期票息率被用于对该互换进行估值。
远期购买合同,按未来某一日期和价格购买资产的合同。,远期购买合同保障了原材料的供应。
远期回购协议,现在出售证券并在指定的未来日期按指定价格回购的安排。,根据远期回购协议出售的证券仍列示在资产负债表中。
概念框架,指导准则制定和应用的概念基础。,概念框架是编制财务报表的基础。
编报财务报表的框架,阐明财务报表编制所依据概念的概念框架。,该框架为会计政策的选择提供指导。
特许经营费,为取得使用特许人系统的权利而支付的费用。,初始特许经营费在赚取时确认为收入。
冻结信用利差法,将信用利差保持不变的方法。,冻结信用利差法在初始时将利差固定。
完全公允价值,被收购方整体权益的公允价值，用于计量包括非控制性权益在内的商誉。,商誉是使用包括非控制性权益在内的被收购方的完全公允价值计量的。
现金流量的完全按比例份额,现金流量中按比例享有的份额。,投资者收取现金流量中完全按比例的份额。
费用的功能,按功能（如销售成本）分组列报的费用。,该报表按费用的功能列示费用。
记账本位币,主体经营所处主要经济环境的货币。,该土耳其子公司的记账本位币是里拉。
重大差错,指重大程度足以导致前期财务报表不再被认为可靠的差错。,前期重大差错通过重述比较数据予以更正。
重大差错与会计政策变更,涵盖重大差错更正与会计政策变更的主题。,根据该准则，重大差错采用追溯法予以更正。
已筹资金额,为履行某项义务而拨备的资产金额。,已筹资金额超过了该义务的现值。
资金筹措,为某项活动或义务提供资源以融通资金。,该计划的资金筹措状况每年予以披露。
资金筹措（离职后福利方面）,为福利计划提供资金而缴存的款项。,离职后福利的资金筹措减少了计划赤字。
资金筹措（退休福利方面）,将资产拨入基金以满足未来退休福利义务的过程。,退休福利的资金筹措通过单独管理的养老金基金安排。
未来现金流量,预期在未来期间收到的现金。,该资产的使用价值以未来现金流量为基础。
未来经济利益,产生现金流量或其他利益的能力。,资产体现着未来经济利益。
期货合约,在未来某一日期买进或卖出标的的标准化合约。,该期货合约在有组织的交易所交易。
公认会计原则,主体在某一辖区内遵循的会计规则和会计惯例的总和。,从原施行的公认会计原则向国际财务报告准则过渡的调节表已在附注中列示。
处置利得,资产以高于其账面金额的价格出售时确认的利润。,出售子公司确认了处置利得。
利得,并非由所有者出资形成的经济利益增加。,重新估价导致在其他综合收益中确认了利得。
一般购买力法,使用一般物价指数重述金额的方法。,在一般购买力法下，账户按通货膨胀进行调整重述。
通用财务报表,为广泛的使用者编制的财务报表。,通用财务报表满足大多数使用者的需要。
一般确认原则,指项目在符合财务报表要素的定义并满足相关确认标准时予以确认的基本原则。,根据一般确认原则，当未来经济利益很可能流入主体时，该资产即予确认。
地区分部,按地理区域划分的分部。,收入按地区分部予以披露。
持续经营,主体将持续经营的假设。,财务报表以持续经营为基础编制。
商誉,代表企业合并产生的未来利益的资产。,商誉因收购较小的竞争对手而产生。
管理委员会,负责监督组织并确定其战略方向的机构。,管理委员会批准了年度财务报表。
管理机构,负责监督主体或组织的机构。,管理机构批准了年度财务报表。
公司章程,确立主体组织规章和规则的法律文件。,公司章程对股份转让作出了限制。
政府,政府、政府机构以及类似团体。,政府补助在实际收到或应收时予以确认。
政府援助,政府提供的能带来经济利益的行动。,政府援助即使不属于政府补助也应予以披露。
与经营活动无特定关系的政府援助,授予时不附与主体经营活动相关条件的政府援助，可能需要予以披露。,该准则规范与经营活动无特定关系的政府援助。
政府补助,政府以资源转移形式提供的援助。,政府补助在条件满足时予以确认。
政府担保,政府承诺承担主体义务的保证。,该贷款由政府担保提供支持。
政府关联企业,受政府控制或受政府重大影响的企业。,该公用事业企业是一家政府关联企业。
授予日,主体与其职工就股份支付条款达成共同理解之日的日期。,期权的公允价值于授予日计量。
授予方,向经营方授予服务特许经营权的当事方。,授予方保留对基础设施资产的控制权。
与资产相关的政府补助,以取得长期资产为主要条件的政府补助。,与资产相关的政府补助确认为递延收益。
与收益相关的政府补助,与资产相关的政府补助以外的政府补助。,与收益相关的政府补助在相关期间内计入损益。
租赁投资总额,租赁付款额总额加上未担保余值。,租赁投资总额等于租赁付款额总额。
销售毛利,收入与销售成本之间的差额，即未扣除经营费用前的利润。,由于原材料成本降低和销售价格提高，销售毛利有所改善。
毛利,收入减去销售成本。,毛利在经营费用之前列示。
集团,母公司及其全部子公司的合称。,该集团报告的合并收入为一千万。
集团管理（职工福利）计划,为集团内多个主体集体管理的福利计划。,集团管理计划涵盖了所有子公司的员工。
集团及库存股交易,关于涉及集团内主体和库存股的股份支付安排的指引。,根据关于集团及库存股交易的解释公告，集团将股份支付成本向集团内其他主体作了转分摊。
集团内以现金结算的股份支付交易,在集团内以现金结算的股份支付。,集团内以现金结算的股份支付交易需要谨慎地进行归属分摊。
团体保险合同,以单一合同承保一群人的保险单。,雇主为其员工提供了团体保险合同。
资产组,为减值目的而合并评估的一组资产。,该资产组作为一个整体进行了减值测试。
生物资产组,归集在一起的类似生物资产。,生物资产组以公允价值计量。
类似金融资产组,具有类似信用风险特征、为减值目的而合并评估的金融资产组合。,类似金融资产组的减值是按组合基础评估的。
资产归组,为评估目的而将资产合并归组。,资产归组用于减值测试。
担保,为另一方的义务承担责任的承诺。,母公司为子公司的债务提供了担保。
担保金额,主体在担保下可能支付的最高金额。,担保金额已在附注中披露。
担保基金,为在机构无力偿付时保护投保人或存款人而设立的基金。,向担保基金缴存的款项已确认为当期费用。
有保证的福利,无论计划资产表现如何均承诺向职工提供的福利。,有保证的福利必须折现至其现值。
保证要素,合同中保证最低回报或最低利益的部分。,保证要素予以分离并单独计量。
担保余值,由承租人或第三方担保的余值。,担保余值影响融资租赁的分类。
担保人,为某项义务提供担保的当事方。,借款人违约时，担保人承担责任。
协调统一,使国内会计准则与国际准则趋于一致以减少差异的过程。,监管机构启动了一项将本地会计规则与国际财务报告准则协调统一的项目。
收获,农产品从生物资产上分离。,收获标志着农产品进行计量的时点。
套期会计,使被套期项目和套期工具的利得和损失相互配比的会计处理。,套期会计降低了报告盈余的波动性。
套期有效性,套期工具抵销被套期风险的程度。,套期有效性在每一报告日均经过测试。
被套期项目,面临被套期风险的资产、负债、确定承诺、预测交易或净投资。,预测的铜采购被指定为被套期项目。
境外经营净投资的套期,对境外经营净投资产生的折算风险敞口进行的套期。,境外经营净投资的套期在权益中确认。
套期,指定衍生工具以抵销公允价值或现金流量变动的做法。,该公司对其利率互换应用了套期会计。
套期工具,用于抵销被套期风险的衍生工具或其他工具。,远期合同被指定为套期工具。
套期关系,被套期项目与套期工具之间的配对。,套期关系必须正式予以指定。
套期储备,权益中累积套期工具利得和损失有效部分的组成部分。,现金流量套期的有效部分确认为套期储备。
为转售而持有,为出售而非为使用而持有的资产。,为转售而持有的资产被归类为流动资产。
持有待售,可在当前状况下立即出售的资产。,该建筑物被归类为持有待售。
为交易而持有,主要为从价格变动中获取短期利润而取得的金融资产。,该等股票被归类为交易性金融资产。
持有至到期投资,具有固定付款额和固定到期日、且主体有意并有能力持有至到期的非衍生金融资产。,政府债券被归类为持有至到期投资，并按摊销成本列账。
较高层次的母公司主体,通过另一母公司间接控制报告主体的母公司。,较高层次的母公司主体编制合并财务报表。
极可能,可能性高于“很可能”，即预测交易预期将会发生。,该预测销售被视为极可能发生。
租购合同,租入资产并附有购买选择权的合同。,租购合同可能转移几乎所有的风险和报酬。
历史成本,按原始交易成本进行的计量。,不动产按历史成本减去折旧计量。
历史损失经验,用于估计金融资产预期信用损失的历史信用损失数据。,预期信用损失是利用根据当前情况调整后的历史损失经验估计的。
历史数据汇总,以前期间财务数据的汇总。,历史数据汇总通常在年度报告中列示。
历史废料,过去期间售出的产品所产生的废料。,该预计负债涵盖旧产品所产生的历史废料。
控股公司,通过持有股权控制其他公司的公司。,该控股公司拥有三家从事经营的子公司。
主合同,包含嵌入衍生工具的非衍生工具合同。,该嵌入衍生工具已从其主合同中分离出来，并以公允价值计量。
主金融工具,嵌入衍生工具所依附的非衍生工具合同。,该主金融工具是一份包含嵌入衍生工具的债务合同。
混合合同,包含非衍生工具主合同和嵌入衍生工具的合同。,混合合同中的嵌入衍生工具已被分离。
混合工具,同时包含主合同和衍生工具的工具。,该混合工具的嵌入衍生工具已单独计量。
恶性通货膨胀,极高且持续的通货膨胀。,恶性通货膨胀要求对财务报表进行重述。
恶性通货膨胀经济,累计通货膨胀率极高、以致财务报表必须按报告日的现行计量单位予以重述的经济。,在恶性通货膨胀经济中经营的主体，其财务报表必须根据购买力的变动进行重述。
终止经营的首次公告,与终止经营相关的首次公告。,该主体就终止经营作出了首次公告。
国际会计准则,由国际会计准则理事会发布的国际会计准则。,国际会计准则第2号规范存货的会计处理。
国际会计准则第19号——设定受益资产的上限、最低资金要求及其相互影响,对设定受益资产设定限制并规范最低资金要求及其相互影响的解释公告。,该主体应用了有关设定受益资产上限的解释公告。
国际会计准则委员会,国际会计准则理事会的前身机构，发布了最初的国际会计准则。,国际会计准则委员会发布了后来被称为国际财务报告准则的各项准则。
国际会计准则委员会基金会章程,规定国际会计准则委员会基金会目标和结构的创立文件。,国际会计准则委员会基金会章程规定了受托人的职责。
国际会计准则委员会基金会,监督国际会计准则理事会和国际财务报告准则制定的基金会。,国际会计准则委员会基金会经过重组，后来更名为国际财务报告准则基金会。
可辨认性,指可分离，或源于法定权利或合同权利。,确认无形资产需要满足可辨认性要求。
可辨认的,能够被单独辨认的。,可辨认资产可以分离出来，或源于相关权利。
可辨认资产,能够从主体中分离出来、或源于合同权利或法定权利、并在企业合并中单独计量的资产。,在企业合并中，只有购入的可辨认资产才从商誉中分离出来单独确认。
国际会计师联合会,即国际会计师联合会这一国际性会计师组织。,国际会计师联合会为会计师制定国际准则。
国际财务报告解释委员会,发布国际财务报告准则解释公告的委员会。,国际财务报告解释委员会发布了一项有关服务特许经营协议的解释公告。
国际财务报告准则,由国际会计准则理事会发布的国际财务报告准则。,该集团按照国际财务报告准则编制其财务报表。
国际财务报告准则第2号——集团内交易及库存股交易,国际财务报告准则第2号中规范集团内以股份支付的交易及涉及库存股的交易的部分。,国际财务报告准则第2号关于集团内交易及库存股交易的规定，规范了母公司与其子公司之间的费用分摊。
符合国际财务报告准则,按照国际财务报告准则编制。,该财务报表在所有重大方面均符合国际财务报告准则。
说明性示例,表明某项准则可如何应用的非强制性示例。,该说明性示例澄清了披露要求。
减值,资产的可收回金额低于其账面金额的下降。,该设备已确认了一项减值损失。
减值损失,账面金额超过可收回金额的部分。,该项减值损失已在损益中确认。
资产减值,资产的可收回金额低于其账面金额而发生的减少，需要相应减记账面金额。,由于该资产的账面金额超过其可收回金额，因此确认了一项减值损失。
减值测试,测试资产的价值是否已经下降。,减值测试将可收回金额与账面金额进行了比较。
实施指南,帮助主体应用某项准则的非强制性指南。,实施指南说明了如何应用该准则。
进口税,对进入一国的货物征收的税。,进口税提高了该设备的成本。
不切实可行的豁免,在主体作出一切合理努力后仍无法应用某项要求时，给予其免于应用该项要求的宽免。,该主体应用了不切实可行的豁免，未对以前期间进行重述。
不切实可行,尽管作出一切合理努力，应用某项要求仍不可行。,由于记录缺失，追溯应用不切实可行。
国际财务报告准则的改进,为澄清或更正国际财务报告准则而定期作出的修订。,国际财务报告准则的改进以单一的综合文件形式发布。
推算利率,将一项交易折现至其公允价值的利率。,计量递延对价时使用了推算利率。
价内,行权价格处于有利状态的期权。,当股价超过行权价时，该期权即为价内。
实质性债务解除,主体将资产置入不可撤销的信托以清偿债务、但在法律上并未消灭该负债的交易。,在实质性债务解除下，负债在法律上并未消灭，因此仍保留在资产负债表上。
激励措施,鼓励特定行为而给予的利益。,销售激励作为收入的抵减予以确认。
租赁开始日,租赁协议开始生效的日期。,该租赁在租赁开始日进行了分类。
附带收入,来自主要业务以外交易的少量收入。,出售废料取得的附带收入并不重大。
附带经营活动,在资产建造期间进行的、对该资产的建造并非必要的活动。,附带经营活动取得的收入已从在建资产的成本中扣除。
收益,导致权益增加的经济利益增加额，不包括所有者出资。,收益在履约义务得到满足时予以确认。
收益法,将未来金额转换为单一现值的一种估值技术。,计量公允价值时使用了收益法。
利润表,列报主体收益和费用的报表。,收入和费用在利润表中列报。
利润表负债法,通过利润表确认递延所得税的一种方法。,利润表负债法以利润表为关注焦点。
所得税,规范所得税（包括当期所得税和递延所得税）会计处理的准则。,所得税准则要求主体对交易的当期和未来税务后果进行会计处理。
所得税费用,一个期间内的税费总额。,所得税费用包括当期所得税和递延所得税。
所得税,规范所得税会计处理的国际会计准则第12号。,国际会计准则第12号《所得税》涉及递延所得税。
所得税——企业或其股东纳税状况的变动,关于企业或其股东纳税状况发生变动时的会计处理指南。,该解释公告处理企业纳税状况的变动。
所得税——经重估不需折旧资产的收回,关于不计提折旧的资产经重估并通过出售收回时递延所得税处理的指南。,根据该所得税解释公告，经重估土地的递延所得税按处置适用的税率计量。
股息率递增优先股,股息率随时间递增的优先股。,股息率递增优先股被分类为金融负债。
承租人的增量借款利率,承租人以类似条件借入资金所需支付的利率。,承租人使用其增量借款利率对应付租赁付款额进行折现。
增量成本,若无该项交易即不会发生的成本。,可直接归属于合同的增量成本予以资本化。
增量股份,假定发行的额外股份。,增量股份用于稀释每股收益的计算。
赔偿资产,购买方为反映就或有事项的结果从出售方取得的赔偿而确认的资产。,购买方就出售方承诺补偿一项或有负债而确认了一项赔偿资产。
减值迹象,表明资产可能已发生减值的信号。,市场价值下跌是减值的一项迹象。
减值指标（迹象）,表明资产可能发生减值的征兆。,下跌的市场价格是减值的一项指标。
经营活动现金流量列报的间接法,通过按非现金项目调整利润来报告经营活动现金流量的方法。,间接法从净利润开始，并对非现金项目进行调整。
单项资产,单独进行评估而非作为资产组一部分评估的单一资产。,除非单项资产不产生独立的现金流量，否则应就每一单项资产评估减值。
单独财务报表,母公司未合并其子公司而列报的财务报表。,单独财务报表按成本或公允价值列示投资。
诱导转换,通过额外对价鼓励进行的可转换债务转换。,发行方提供了诱导优惠以鼓励提前转换。
行业分部,基于产品或服务划分的主体各不同组成部分。,该主体按行业分部报告其经营成果。
通货膨胀,价格水平的普遍上涨。,通货膨胀降低了货币的购买力。
反映物价变动影响的信息,为反映物价变动对主体财务状况和经营业绩的影响而列报的补充信息。,在恶性通货膨胀经济中，主体列报反映物价变动影响的信息。
初始分类,初始确认时的分类。,初始分类决定后续计量。
初始直接费用,可直接归属于磋商和安排租赁的费用。,初始直接费用计入使用权资产。
首次披露事项（终止经营相关）,触发有关终止经营披露的第一个事件。,首次披露事项发生在处置获得批准之时。
初始计量,资产或负债首次在财务报表中确认时的金额。,该资产的初始计量金额为其公允价值加上交易费用。
首次公开发行,公司股份首次向公众出售。,首次公开发行筹集了大量新资本。
初始确认,某项目首次记入财务报表。,资产在初始确认时按成本计量。
逐项金融工具法,逐项单独评估金融工具以确定其分类。,分类是按逐项金融工具的基础进行评估的。
可保利益（保险利益）,对保险标的所具有的财务利益。,有效的保险合同必须具有可保利益。
保险代理佣金,保险代理人因向保险人促成订立保险合同而赚取的费用。,保险代理佣金于相关保险合同订立时确认为收入。
保险资产,因保险合同而产生的资产。,保险资产按照保险准则进行计量。
保险公司,向保单持有人签发保险合同的主体。,该公司报告了强劲的承保利润。
保险合同,一方承担重大保险风险的合同。,保险合同从投保人处承接了风险。
保险合同,保险人从投保人处承担重大保险风险的合同。,保险人对所有有效保单适用《保险合同》准则。
保险企业,承担并管理保险风险的主体。,保险企业适用特定的披露要求。
保险负债,保险人在保险合同下承担的净合同义务。,保险人就未决赔款确认了一项保险负债。
保险义务,因保险合同而产生的义务。,保险义务采用现行估计进行计量。
保险风险,保险合同项下转移的风险。,保险风险源于保险事件的不确定性。
保险互换,交易各方交换与保险相关的现金流或风险的金融安排。,该主体利用保险互换将其部分承保风险转移给另一交易对手。
保险事件,保险合同所承保的事件。,保险事件造成的损失由保险人承担。
保险人,签发保险合同的一方。,保险人承担合同项下的风险。
无形资产,无实物形态的可辨认非货币性资产。,该专利确认为一项无形资产。
无形资产,无实物形态的可辨认非货币性资产，例如专利和许可证。,购入的专利确认为无形资产，并在十年内摊销。
无形资产——网站成本,关于网站开发成本何时可以资本化的指引。,无形资产——网站成本阐明了哪些支出符合资本化条件。
境外整体性经营,作为报告主体经营活动延伸的境外经营。,该境外分支机构被视为境外整体性经营。
利息,使用借入资金的成本。,利息费用采用实际利率法确认。
利息成本（职工福利计划）,因时间推移而导致的福利义务的增加。,利息成本反映折现影响的逐步解除。
租赁内含利率,使租赁付款额加上未担保余值的现值等于租赁资产公允价值的折现率。,承租人使用租赁内含利率计量租赁负债。
租赁内含利率,将租赁付款额折现为资产价值的利率。,租赁内含利率对租赁付款额进行折现。
利率风险,利率变动影响财务状况的风险。,浮动利率债务使该公司面临利率风险。
利率区间组合,结合利率上限与利率下限的套期工具。,利率区间组合限制了利率变动带来的风险敞口。
利率互换,双方交换利息支付流的衍生工具，通常为固定利率与浮动利率之间的互换。,该公司签订了一项利率互换，以对其浮动利率债务进行套期。
仅付利息剥离资产,从已转让资产中仅收取利息现金流的权利。,留存下来的仅付利息剥离资产按公允价值计量。
仅付利息剥离应收款,从金融资产中仅收取利息现金流的权利。,该主体在证券化交易中保留了一项仅付利息剥离应收款。
合营企业中的权益,主体在合营企业中拥有的所有权权益。,合营企业中的权益采用权益法核算。
中期财务报告,涵盖期间短于一个完整年度的报告。,中期财务报告涵盖六个月的期间。
中期财务报告（准则）,规定中期财务报告的最低内容以及中期期间的确认和计量原则的准则。,中期财务报告准则要求主体提供一套简明的财务报表。
中期财务报告与减值,中期报告中有关减值的考虑。,中期财务报告与减值适用与年度报告相同的原则。
中期财务报表,涵盖期间短于一个完整年度的财务报表。,该公司发布了半年度的中期财务报表。
中期,短于一个完整财务年度的财务报告期间。,该中期涵盖最初六个月。
中间母公司或最终母公司,本身是另一母公司的子公司、或处于集团最顶端的母公司主体。,中间母公司或最终母公司也必须编制合并财务报表。
内含报酬率,使净现值为零的折现率。,内含报酬率用于确定实际利率。
企业内部风险转移,同一主体内部各业务单位之间的风险转移。,企业内部风险转移在合并时予以抵销。
内部产生的,在主体内部创造而非外购取得的。,内部产生的品牌不确认为无形资产。
内部产生的商誉,内部创造的商誉，不予确认。,内部产生的商誉不作为资产确认。
国际会计准则,由国际会计准则理事会的前身机构发布的准则，对特定交易规定会计处理方法。,《国际会计准则第2号》规范存货的计量。
国际会计准则委员会,国际会计准则理事会的前身机构。,国际会计准则委员会发布了最初的国际会计准则。
国际会计准则委员会基金会,监督国际会计准则委员会和国际会计准则理事会的机构。,国际会计准则委员会基金会任命了新的受托人。
国际会计师联合会,代表会计职业界的全球性组织。,国际会计师联合会发布职业道德和审计方面的准则。
国际财务报告解释委员会,就如何将国际财务报告准则应用于具体问题发布解释的机构。,国际财务报告解释委员会就该项会计处理发布了指南。
国际财务报告准则,由国际会计准则理事会发布的、用于全球财务报告的准则。,每项国际财务报告准则都规定了具体要求。
集团内部,发生在同一集团内各主体之间的。,集团内部余额在合并报表中予以抵销。
集团内部支付安排,集团内各主体之间进行支付的安排。,集团内部支付安排在合并时予以抵销。
集团内部交易,同一集团内各主体之间的交易。,集团内部交易在合并时予以抵销。
内在价值,股票公允价值与期权行权价格之间的差额，即立即行权所能获得的金额。,股票期权的内在价值按股票价格超过行权价格的部分计量。
欧元的引入,采用欧元货币。,欧元的引入影响了货币折算。
存货,为出售而持有或处于生产过程中的资产。,存货按成本与可变现净值孰低计量。
反向浮动利率,与参考利率反向变动的利率。,随着利率下降，该票据支付反向浮动利率。
被投资方,另一主体持有其所有权权益的主体。,投资方对被投资方具有重大影响。
投资活动,购置和处置长期资产所产生的现金流量。,投资活动包括购置不动产和设备。
投资,为通过收益或增值来增加财富而持有的资产。,该公司对一家子公司进行了长期投资。
投资合同,基于投资提供回报的合同。,投资合同在初始时按公允价值计量。
投资企业,以进行投资为其业务的主体的企业。,投资企业按公允价值计量其投资。
投资主体,从投资者处取得资金并向其提供投资管理服务、且对其投资以公允价值通过损益计量的主体。,投资主体不合并其控制的被投资方，而是按公允价值对其进行计量。
投资级,表明违约风险较低的信用评级。,这些债券被评为投资级。
投资业绩,某期间内投资所实现的回报。,投资业绩每年向保单持有人报告。
投资性房地产,为赚取租金或资本增值而持有的不动产。,该办公楼作为投资性房地产持有。
保留的投资,母公司在丧失对原子公司的控制权后继续持有的权益。,丧失控制权时，保留的投资按公允价值重新计量。
投资证券,为赚取回报而非用于交易目的而持有的金融资产。,投资证券按其合同现金流量进行分类。
投资税收抵免,为鼓励资本投资而给予的税收优惠。,投资税收抵免降低了该主体的税费。
投资连结保险基金,其价值与投资挂钩的保险基金。,投资连结保险基金中持有的资产按公允价值计量。
联营企业中的投资,关于联营企业会计处理的准则。,对联营企业的投资采用权益法核算。
投资方,通过股份等方式持有另一主体权益、并有权从该投资中获得回报的一方。,投资方评估其是否对联营企业具有重大影响。
合营企业投资者,在合营企业中拥有权益的一方。,合营企业投资者采用权益法。
投资者拥有的主体,由投资者而非保单持有人拥有的主体。,投资者拥有的主体为股东报告利润。
强制清算,由法院或监管机构命令进行的公司清算。,该银行在倒闭后面临强制清算。
不可撤销的承诺,主体无法取消或撤回的具有约束力的义务。,购买原材料的不可撤销承诺已在附注中披露。
已发行股本,实际向股东发行的股本金额。,已发行股本与股份溢价单独列示。
已发行股份,已分配给股东并由股东缴款认购的股份。,已发行股份按其面值记录。
发行主体,向持有人发行权益工具的主体。,发行主体将优先股确认为权益。
项目,财务报表中的单个要素。,每个项目被分类为资产、负债、收入或费用。
逐项基础,将每个单项单独考虑而非汇总考虑的方法。,该主体对金融资产按逐项基础进行减值评估。
存货项目,存货中的单个单位或类别。,每个存货项目按成本与可变现净值孰低计量。
共同控制,通过合同约定的对某项安排的共享控制。,双方对该合营项目行使共同控制。
合营企业,各方共同控制并共享净资产的共同安排。,两家公司为该项目设立了一家合营企业。
联合工作组,由两个或多个机构为共同项目或准则而组建的合作小组。,设立联合工作组是为了使两套框架保持一致。
共同控制实体——合营者的非货币性出资,关于合营者向共同控制实体作出非货币性出资的指引。,合营者的非货币性出资需要谨慎确认利得。
共同控制实体,其战略决策需要合营者一致同意的实体。,共同控制实体的利润被平均分配。
司法管辖区,拥有自身规则和法院的法律地域。,税率根据相关司法管辖区适用。
关键管理人员,拥有计划和控制在权限的人员。,关键管理人员的薪酬应予披露。
较大的金融资产,在比较中价值较高的金融资产，与金融资产的分配或计量相关。,公允价值调整被分配至投资组合中较大的金融资产。
后进先出法,一种存货成本计价方法。,国际财务报告准则不允许采用后进先出法。
租赁,转让资产使用权的合同。,租赁期为五年，无续租选择权。
租赁期,承租人可使用资产的不可撤销期间。,租赁期因可选续租期间而得以延长。
售后回租,资产卖方再从买方处将该资产租回的交易。,售后回租安排形成了一项使用权资产。
租赁资产,承租人或出租人在融资租赁下确认的资产。,租赁资产按租赁期与使用寿命两者中较短者计提折旧。
租赁权益,承租人在租赁协议下对租赁资产享有的权益。,该租赁权益被分类为资产。
租赁业务,在一定期间内转让资产使用权的合同。,租赁业务被确认为使用权资产和租赁负债。
法律实体,在法律上被确认为实体的主体。,法律实体可能与报告主体相分离。
法定合并,两个或多个实体在法律上合并为单一实体的合并方式。,法定合并完成后，存续实体承接了被合并公司的全部资产和负债。
法定义务,因法律而产生的义务。,法定义务可能要求确认预计负债。
法定母公司,通过所有权控制另一实体的实体。,法定母公司控制两家子公司。
法定解除,债务或义务在法律上的解除。,担保的法定解除消除了该负债。
法定权利,在财务报表中确认或披露的可强制执行的权利。,该主体拥有抵销两项余额的法定权利。
法定子公司,在反向收购中被法律指定为子公司的实体。,法定子公司被视为会计上的收购方。
可依法强制执行的权利,可以在法院强制执行的权利。,抵销需要拥有可依法强制执行的抵销权。
法定要求,由法律施加的要求。,某项法律规定产生了一项现时义务。
贷款人,以贷款形式提供资金的一方。,贷款人评估借款人的信用风险。
承租人,为取得在一定期间内使用标的资产的权利而支付对价的一方。,承租人在租赁期开始日确认租赁负债和使用权资产。
承租人增量借款利率,承租人为借款而需支付的利率。,承租人增量借款利率用于对租赁付款额进行折现。
出租人,在租赁中提供资产的一方。,出租人确认了一项融资租赁应收款。
信用证,保证向卖方付款的银行单证。,出口商要求为该批货物提供信用证。
可用性水平,资产被视为可使用而必须维持的性能或能力标准。,维护预计负债使飞机保持在要求的可用性水平。
杠杆,利用债务来提高权益潜在回报。,高杠杆增加了主体的财务风险。
杠杆性签出期权,其收益随标的资产以超过比例的方式增加的签出期权。,杠杆性签出期权增加了主体的风险敞口。
因参与特定市场产生的负债——废弃电气电子设备,因参与废弃电气电子设备市场而产生的义务。,因参与废弃电气电子设备市场而产生负债。
承担的负债,在交易中承接的义务。,在企业合并中，承担的负债按公允价值计量。
负债,主体因过去事项而承担的现时义务，预期其清偿将导致资源流出。,应付账款被确认为负债，因为主体承担了付款的现时义务。
负债充足性测试,测试负债是否充足的方法。,负债充足性测试确保保险负债是充足的。
负债成分,复合金融工具中的债务部分。,负债成分按现值计量。
债务工具发行,为筹集资金而发行债务工具。,债务工具发行为扩张筹集了资金。
许可费,为取得使用知识产权或在许可下经营的权利而支付的费用。,许可费在许可期间内确认为收入。
许可协议,授予使用知识产权或技术权利的合同。,许可协议规定了特许权使用费的支付。
生存年金,其支付取决于年金受领人生存的年金。,保险人使用死亡率假设对生存年金进行定价。
后进先出法,后进先出的存货成本计价方法。,国际财务报告准则不允许采用后进先出法。
类似交易及类似情况下的其他事项,以一致方式处理的可比交易。,类似情况下的类似交易以一致的方式处理。
首次采用者对比较《国际财务报告准则第7号》披露的有限豁免,一项修订，为首次采用者提供不列报比较《国际财务报告准则第7号》披露信息的有限豁免。,首次采用者对比较《国际财务报告准则第7号》披露的有限豁免减轻了过渡负担。
单列项目,报表中列示的单个单行项目。,每个单列项目单独列示。
业务线,独特的商业活动分部或领域。,经营成果按业务线报告。
流动性资产,现金以及能够轻易转换为现金的资产。,公司持有足够的流动性资产以应付支付。
流动性,现金的可获得性以及主体履行短期义务的能力。,公司维持了足够的流动性，以在债务到期时履行其义务。
流动性列报,按资产和负债距离现金的远近顺序进行的列报。,该银行在资产负债表中采用流动性列报。
流动性风险,主体难以履行其财务义务的风险。,该主体通过到期分析监控流动性风险。
诉讼和解,为解决法律纠纷而商定的金额。,诉讼和解被确认为预计负债。
贷款,所提供的必须偿还的资金。,该贷款按摊余成本计量。
贷款资产,因向借款人出借资金而产生的金融资产。,贷款资产采用实际利率法按摊余成本计量。
贷款承诺,提供贷款的承诺。,贷款承诺费在承诺期间内确认。
贷款次级参与,转让贷款部分风险和回报的协议。,该银行与另一贷款人达成了一项贷款次级参与。
贷款及垫款,银行向其客户发放的款项。,对客户的贷款及垫款在年度内增长。
贷款和应收款项,具有固定或可确定付款额、且未在活跃市场报价的非衍生金融资产。,在旧准则下，应收账款被分类为贷款和应收款项。
企业发放的贷款和应收款项,通过提供货币或商品而形成的非衍生金融资产。,企业发放的贷款和应收款项按摊余成本计量。
应付借款,因借入资金而产生的必须偿还的负债。,应付借款被分类为非流动负债。
已违约的应付借款,违反其条款并可被随时要求偿还的贷款。,已违约的应付借款被分类为流动负债。
长期职工福利,在十二个月以后支付的福利。,长期职工福利包括长期服务休假。
长期投资,意图持有超过一年、预期不会在短期内转换为现金的投资。,长期投资在财务状况表中与流动资产分开列示。
透视,评估结构背后实质的方法。,透视方法评估底层资产。
透视法,以底层实质而非法律形式为基础进行处理的方法。,透视法用于金融集团。
损失事件,导致实际信用损失的事件。,在已违约贷款上识别出一项损失事件。
丧失控制权,母公司不再对原子公司拥有控制的事件。,丧失控制权触发了子公司资产和负债的终止确认。
每股亏损,归属于每股普通股的净亏损。,该企业报告了本期间的每股亏损。
亏损识别测试,用于确定保险合同是否为亏损性合同的测试。,对每个保险组合都进行亏损识别测试。
亏损分担安排,各方之间分担亏损的协议。,根据亏损分担安排，亏损按比例承担。
损失,经济利益的减少。,损失计入当期损益。
下层母公司,在集团结构中，自身是更高层级另一母公司的子公司的母公司实体。,下层母公司为更广泛结构中其自身的集团编制合并财务报表。
多数股权,拥有超过一半表决权的所有权。,多数股权赋予母公司控制权。
按合同收益率基础管理,为实现合同设定的回报而管理的资产。,该投资组合按合同收益率基础进行管理。
管理层,负责指导和控制一个实体的人员。,管理层负责编制财务报表。
管理层法,以管理层内部使用的信息为基础进行分部报告的方法。,按照管理层法，分部按首席经营决策者所审查的方式进行报告。
管理层评论,随财务报表一并提供的对财务业绩的叙述性说明。,管理层评论解释了关键业绩驱动因素。
管理层意图,管理层就持有或处置某项资产所作的既定计划。,该分类取决于管理层意图。
毛利,收入与销售成本之间的差额。,成本降低之后，毛利率有所改善。
市场条件,与市场价格相关的条件。,市场条件会影响股票期权的公允价值。
市场价格,资产或负债在活跃市场中可以被买入或卖出的价格。,上市股票的市场价格被用于确定其公允价值。
市场利率,市场上通行的利率。,该贷款按市场利率发放。
市场风险,因市场价格变动而发生损失的风险。,市场风险源于商品价格波动。
市场价值,资产在市场上可以进行交易的价格。,土地的市场价值急剧上升。
可流通（可随时出售）,形容一项资产可以在市场上随时被买入或卖出。,可流通证券在报告日按公允价值计量。
与营销相关的无形资产,用于营销的无形资产，例如商标和品牌名称。,与营销相关的无形资产包括商标和互联网域名。
集成电路布图设计,保护半导体芯片设计的知识产权。,集成电路布图设计被确认为无形资产。
总互抵协议,允许在违约时对多份合同进行抵销的协议。,总互抵协议允许在违约时进行抵销。
成本与收入配比,将费用与相关收入一并确认。,成本与收入配比要求在同一期间确认相关费用。
重大,如果信息的省略、错报或模糊处理可能影响使用者所作的决策，则该信息是重大的。,该披露的省略对财务报表使用者而言并不重大。
重大调整,重要到足以产生影响的调整。,以前期间的数据已作出重大调整。
重大错误,重要到足以影响使用者决策的错误。,以前报表中的重大错误已作追溯更正。
重大遗漏,未能包含重要到足以影响决策的信息。,附注中的重大遗漏导致了重述。
重要性,信息可能影响财务报表使用者经济决策的门槛。,就财务报表整体而言，该省略并未被视为重大。
矩阵法（矩阵列报）,以表格形式沿两个维度列报信息。,矩阵列报按类型和类别披露风险。
矩阵式组织结构,员工向多名管理者汇报的组织结构。,该集团采用矩阵式组织结构运作。
到期日,金融工具到期应予结算的日期。,该债券的到期日为发行之日起十年。
到期值,到期时应支付的金额。,该债券按其到期值赎回。
以公允价值计量且其变动计入其他综合收益,一种金融资产计量类别，其公允价值变动计入其他综合收益而非计入损益。,该债务工具以公允价值计量且其变动计入其他综合收益，因为它处于既收取又出售的业务模式之中。
计量,确定某项目的货币金额。,预计负债的计量采用了最佳估计。
计量基础,用于确定财务报表金额的方法。,该准则列示了若干计量基础。
计量日期,对资产或负债进行计量的日期。,计划资产的计量日期为年末。
变动的计量,对某项目必须确认或披露的变动金额的确定。,负债公允价值变动的计量已计入损益。
计量或确认不一致,相关资产与负债之间的会计错配。,持有该衍生工具是为了消除计量或确认的不一致。
中期所得税费用的计量,采用预计年度实际税率计算中期期间的所得税。,中期所得税费用的计量需要预计年度税率。
会员费,为加入或留在某一组织而支付的费用。,会员费在会员期内确认为收入。
会员股份,合作社成员持有的权益。,会员股份可能被归类为权益或负债。
合作实体中的会员股份及类似工具,一项解释公告，涉及合作实体中的会员股份应归类为负债还是权益。,关于合作实体中会员股份的解释公告确定了此类股份何时被归类为权益。
商品,持有以供转售的货物。,商品在存货中列报。
合并,两个实体合并为一个实体。,这次合并造就了该地区最大的银行。
会计处理方法,用于确认和计量交易的方法。,该公司改变了租赁的会计处理方法。
中间市场价,金融工具的买入价与卖出价之间的中间价格。,该等股份采用报告日的中间市场价进行计量。
矿产及矿产品,开采的自然资源及其衍生产品。,矿产及矿产品存货按可变现净值计量。
最低筹资提存额,法律或法规规定的、为计划提供资金所需的提存额。,该企业向养老金计划支付了最低筹资提存额。
最低筹资要求,福利计划依法须达到的最低提存额。,最低筹资要求增加了计划负债。
最低租赁付款额,在租赁期内需要支付的款项。,在租赁会计中，最低租赁付款额需要折现。
少数股东权益,子公司权益中不直接或间接归属于母公司的部分。,少数股东权益在合并财务状况表中列示于权益之内。
错配,资产与负债之间的不匹配。,到期日之间的错配产生了风险。
错报,报告金额与应有金额之间的差异。,审计师发现收入中存在一项错报。
风险缓释工具,降低风险敞口的工具或行动。,该衍生工具起到了缓解货币风险的作用。
混合计量属性法,对不同项目采用不同计量基础的会计方法。,该准则采用混合计量属性法，对某些资产按成本计量，对另一些资产按公允价值计量。
货币性资产,代表货币或对固定金额货币的索取权的资产。,现金和应收账款属于货币性资产。
货币性项目,持有的货币单位以及将以固定金额收取或支付的资产和负债。,货币性项目按收盘汇率折算。
货币性项目（货币性资产；货币性金融资产和金融负债；货币性金融工具）,将以固定货币金额收取或支付的资产和负债。,货币性项目按收盘汇率重新折算。
合规监控,监督对规则或契约条款的遵守情况。,该企业监控对贷款契约条款的遵守情况。
死亡率风险,实际死亡率与预期死亡率不同，从而影响保险或福利义务计量的风险。,保险人的死亡率风险采用最新的精算表进行评估。
多雇主（福利）计划,由多个雇主共同参与的福利计划。,多雇主计划汇集了多个雇主的资产。
多雇主计划（就职工福利计划而言）,汇集多个不相关雇主提存金的计划。,多雇主计划将风险分散到各参与雇主之间。
多项安排,在同一时间或相近时间订立的若干单独合同。,这些多项安排被作为单项交易进行评估。
多个嵌入衍生工具,单一主合同中包含的两个或以上嵌入衍生工具。,当合同包含多个嵌入衍生工具时，可以将其作为单一复合衍生工具处理。
互助合作实体,由其成员为共同利益而拥有和控制的实体。,该互助合作实体在其成员之间分配盈余。
互助实体,其所有者收取股利或回报而非持有权益股份的实体。,互助实体向其成员提供会员权利。
共同基金,由其投资者拥有的集合投资工具。,共同基金单位按公允价值计量。
相互保险公司,由其保单持有人拥有的保险人。,相互保险公司归其保单持有人所有。
国家要求,除国际准则之外，企业必须遵守的当地法律或监管要求。,当国家要求与国际财务报告准则存在差异时，企业应披露差异的性质。
费用性质法,按费用的性质列报费用。,费用性质法按类型对费用进行分组。
负商誉,收购成本低于所取得可辨认净资产公允价值时产生的利得。,该廉价购买产生了负商誉。
流通票据,一种可转让的金融工具，可以背书转让给另一方。,该流通票据已背书转让给银行。
净资产,总资产超过总负债的金额，等同于权益。,盈利年度过后，净资产有所增加。
可用于支付福利的净资产,用以支付职工福利的计划资产减去负债后的净额。,可用于支付福利的净资产在报告期间有所增长。
净额基础,按净额列报资产和负债。,该负债按净额基础进行了结算。
净额现金结算期权,以等于净收益的现金金额进行结算的期权。,净额现金结算期权被分类为负债。
处置净所得,处置所得减去处置成本。,处置净所得会减少处置利得或损失。
净汇兑差额,以不同汇率折算外币金额所产生的利得和损失的净额。,净汇兑差额在其他综合收益中确认，并累计计入权益的单独组成部分。
可辨认净资产,可辨认资产减去所取得负债后的金额。,商誉是对价超过可辨认净资产的部分。
净收益,扣除全部费用和税金后剩余的利润。,本年度净收益增长了百分之十二。
净投资套期,对境外净投资的汇率风险敞口进行的套期。,集团对其海外子公司采用了净投资套期。
在国外主体中的净投资,报告主体在国外经营实体净资产中所享有的权益金额。,公司间贷款构成了在国外主体中净投资的一部分。
境外经营净投资,报告主体在境外经营净资产中所占的净份额。,境外经营净投资产生的汇兑差额计入权益。
租赁净投资,租赁总投资额按内含利率折现后的金额。,租赁净投资等于租赁总投资额减去未实现融资收益。
净亏损,某一期间总费用超过总收入的差额。,该主体报告了本年度的净亏损。
净货币性头寸,货币性资产与货币性负债之间的差额。,净货币性头寸在通货膨胀中会产生利得。
净头寸,特定风险敞口或类别的总资产与总负债之间的差额。,该主体的外币净头寸已在风险管理附注中披露。
净利润,扣除全部费用和税金后的利润。,本年度净利润增长了百分之十。
当期净利润或净亏损,报告期间的最终经营成果。,净利润或净亏损列示于利润表中。
当期净利润或净亏损、基本错误和会计政策变更,关于报告期间利润、基本错误和会计政策变更的指引。,该准则涉及净利润和会计政策变更。
可变现净值,估计售价减去估计完工成本及销售所需费用后的金额。,存货由于已经陈旧过时，已减记至可变现净值。
净销售价格,资产的公允价值减去出售费用后的金额。,净销售价格低于该资产的账面金额。
净额结算,仅支付或收取净利得或净损失来结算合同。,该等衍生工具允许在不进行实物交割的情况下进行净额结算。
中立性,财务信息不带偏见。,中立性有助于如实反映结果。
新取得的资产,最近取得的资产。,新取得的资产在取得时按公允价值计量。
次高级母公司,在集团层级中紧位于较低层级母公司之上的母主体。,次高级母公司须编制涵盖整个集团的合并财务报表。
资产负债表日后非调整事项,报告日之后不需要调整的事项。,年末之后市场价值的下跌属于非调整事项。
报告期间结束后的非调整事项,期间结束后不改变已报告数字的事项。,年末之后发生的火灾属于报告期间结束后的非调整事项。
非银行金融服务企业,不属于持牌银行的金融机构。,该出租人是一家非银行金融服务企业。
不可撤销租赁,承租人不承担罚款即无法终止的租赁。,不可撤销租赁下的最低租赁付款额已折现为现值。
非现金资产,现金及现金等价物以外的资产。,非现金资产已作为出资投入该合营企业。
非现金抵押品,作为债务担保而质押的现金以外的资产。,非现金抵押品必须按公允价值计量。
非现金项目,不涉及现金收支的收入或费用。,折旧是非现金项目，在现金流量表中予以加回。
非现金交易,不涉及现金收支的交易。,非现金交易不包括在现金流量表中。
非控制性权益,子公司中不直接或间接归属于母公司的权益。,非控制性权益在合并财务报表中作为权益的组成部分单独列示。
非控制性权益（少数股东权益）,子公司中不由母公司拥有的权益。,非控制性权益在权益中列示。
会计期末不一致,集团内各主体的报告期间结束日不同。,会计期末不一致时，需要对重要交易进行调整。
非流动资产,预计在十二个月以上实现的资产。,非流动资产包括不动产、厂场和设备。
持有待分配给所有者的非流动资产（或处置组）,预计以所有者身份分配给所有者而非出售的资产。,该子公司的资产被分类为持有待分配给所有者的非流动资产。
持有待售的非流动资产和终止经营,关于持有待售资产和终止经营的分类与列报。,持有待售的非流动资产按账面金额与公允价值减去出售费用后的净额两者中的较低者计量。
非流动负债,预计在十二个月以上清偿的义务。,非流动负债与流动负债分开列示。
不计提折旧的资产,不需计提折旧的资产，例如土地。,土地是不计提折旧的资产。
非衍生工具,不属于衍生工具的金融工具。,非衍生工具合同被单独分类。
非衍生工具合同,其价值不像衍生工具那样取决于某一基础变量的合同。,该普通股购买合同是一项被分类为权益工具的非衍生工具合同。
非自由裁量的,非经自由裁量决定，属强制性的。,该项征费是一笔非自由裁量的强制性付款。
非自由裁量的职工利润分享计划,无论管理层如何决定都必须按规定缴款的计划。,该非自由裁量计划要求公司必须支付奖金。
非金融资产,存货和设备等资产，而非金融工具。,存货是非金融资产。
非线性,敏感性分析中某一变量的变动不会引起结果成比例变动的效应。,敏感性分析披露了变量之间关系中的非线性效应。
非流通有价证券,不在活跃市场上交易的有价证券。,非流通有价证券采用估值技术进行估值。
非货币性资产,不代表固定或可确定金额货币的资产。,不动产、厂场和设备属于非货币性资产。
非货币性政府补助,以资产而非现金形式收到的补助。,非货币性政府补助按公允价值计量。
权益的非所有者变动,除与所有者之间的交易以外的其他交易所引起的权益变动。,综合收益反映权益的非所有者变动。
不可回售普通股,不赋予持有者要求发行人以现金回购权利的普通股。,不可回售普通股被分类为权益，因为持有者不能要求赎回。
非互惠资产分配,未收取对价而进行的分配。,非互惠资产分配会减少权益。
不可赎回,持有者不能要求偿付或赎回。,该优先股是不可赎回的。
不可退还的购置税费,无法从税务机关收回的购买环节税费。,不可退还的购置税费构成资产成本的一部分。
生产设施的正常产能,生产设施在若干期间内平均预期达到的生产水平。,固定制造费用按生产设施的正常产能进行分配。
非营利组织,其目标不是为所有者创造利润的实体。,非营利组织报告其服务业绩。
应收票据／应付票据,承诺在未来某一日期支付一定金额的书面凭证。,该主体签发了一张应付给银行的票据。
名义金额,衍生工具合同项下基础金额的面值。,该互换交易的名义金额为一千万。
客观性（目标）,不带偏见；亦指目标或目的。,信息应当客观且不带偏见。
义务事项,产生现时法定或推定义务、因而必须确认预计负债的过去事项。,环境损害构成了一项需要确认预计负债的义务事项。
义务,采取行动或付款的责任。,确认预计负债需要存在现时义务。
移除和复原义务,拆除资产和恢复场地的义务。,该公司确认了移除和复原义务。
可观察的（基准）利率,可直接在市场上观察到的利率。,现金流量采用可观察的利率进行折现。
可观察的市场,市场参与者能够随时获得价格信息的市场。,公允价值是根据可观察市场中的价格确定的。
已观察到的（基准）利率,针对类似工具观察到的市场利率。,公允价值是采用已观察到的基准利率估计的。
已观察到的市场价格,直接取自活跃市场的报价。,公允价值以已观察到的市场价格为基础。
陈旧过时,由于技术或市场变化而丧失效用。,陈旧过时降低了资产的可收回金额。
取得或丧失控制权,取得或丧失对一个实体的权力。,丧失控制权会导致该实体不再纳入合并范围。
卖出价（要价）,一方提出买入或卖出金融工具或资产的价格。,在主要市场中计量负债的公允价值时使用卖出价（要价）。
抵销,将资产与负债以净额列报。,在满足条件时，金融资产和金融负债予以抵销。
净额抵销,在报表中将资产和负债以净额列报。,仅在该准则要求或允许时方可进行抵销。
一步法,以单一步骤确认利得或损失的方法。,一步法简化了会计处理。
单向重分类,金融资产分类的变更，仅允许向一个方向进行。,该准则允许将该金融工具从交易类别中单向重分类转出。
亏损合同,无可避免的成本超过预期经济利益的合同。,为亏损合同确认一项预计负债。
繁重的最低筹资要求,因构成负担而产生负债的筹资义务。,繁重的最低筹资要求导致了一项额外负债。
持续使用权,持续使用某项资产或设施的权利。,根据该安排，提供了对基础设施的持续使用权。
期初余额,某一期间期初的余额。,期初余额与上一期间的期末余额相符。
国际财务报告准则期初资产负债表,在过渡至国际财务报告准则之日编制的财务状况表，是首次采用国际财务报告准则的起点。,国际财务报告准则期初资产负债表是按照国际财务报告准则确认和计量所有资产和负债后编制的。
国际财务报告准则期初财务状况表,过渡日的第一份国际财务报告准则资产负债表。,国际财务报告准则期初财务状况表于过渡日编制。
经营活动,主体产生收入的主要活动。,经营活动产生的现金流量保持为正。
营业周期,从取得材料到收到客户现金之间所需的时间。,该零售商的营业周期较短。
经营决策,与主体日常经营中资源的使用相关的决策。,有关该工厂的经营决策由该分部的管理层作出。
经营租赁,不转移所有权几乎全部风险和报酬的租赁。,经营租赁的租赁付款额按直线法确认为费用。
经营租赁——激励措施,经营租赁下已收取或应收的租赁激励。,该主体在租赁期内确认经营租赁激励。
经营分部,基于内部报告单独列报的组成部分。,经营分部根据首席经营决策者的报告加以确定。
运营方,运营某项设施或服务的一方。,运营方根据特许经营协议确认收入。
期权,赋予持有人以规定价格买入或卖出某项资产的权利但非义务的合同。,看涨期权的持有人可按约定的行权价购买股份。
期权合同,赋予买入或卖出权利的合同。,该期权合同赋予持有人购买股份的权利。
期权定价模型,用于估计期权公允价值的模型。,该主体使用期权定价模型对股份期权进行估值。
期权、认股权证及其等同工具,赋予持有人购买股份权利的合同。,该主体向投资者发行了期权、认股权证及其等同工具。
日常活动,主体的常规经营活动，不包括异常或非经常性项目。,该利得产生于日常活动，并计入经营利润。
正常经营过程,按公平交易条款进行的正常日常经营活动。,该项销售是在正常经营过程中进行的。
普通股权益持有人,主体普通股的所有者。,利润以股利的形式分配给普通股权益持有人。
普通股,享有表决权的基本权益工具。,清算时，普通股的受偿顺序排在优先股之后。
原资产,变更或交换之前的资产。,原资产的账面金额影响该项交换。
原始成本,最初为购置资产而支付的金额，未作任何调整。,该建筑物的原始成本以购买价款加交易费用为基础。
“发起并持有”业务模式,持有资产以收取现金流量的业务模式。,在“发起并持有”业务模式下，资产按摊销成本计量。
自行发放贷款法,出于披露目的，将主体自行发放的贷款单独处理的方法。,在自行发放贷款法下，仅包括该银行自行发放的贷款。
自行发放的贷款和应收款项,由主体自身形成的贷款和应收款项。,自行发放的贷款和应收款项按摊销成本计量。
发起费用,可直接归属于发起某项金融工具（如贷款）的费用。,贷款发起费用采用实际利率法在贷款存续期内摊销。
金融资产的发起方,通过转让商品或服务而形成金融资产的主体。,该银行是金融资产的发起方。
其他权益组成部分,股本和留存收益以外的权益项目。,其他权益组成部分包括重估价盈余。
其他综合收益,未确认为当期损益的收入和费用。,精算利得列示于其他综合收益。
其他长期职工福利,养老金以外的长期福利。,其他长期职工福利需要进行精算计量。
其他价格风险,金融工具的公允价值或未来现金流量因利率风险或货币风险以外的市场价格变动而发生波动的风险。,其他价格风险源于所持有权益工具的市场价格变动。
价外（虚值）,行权价格不利的期权。,当行权价高于股价时，该期权处于价外状态。
外联咨询活动,就某一项目向利益相关方提供信息并进行咨询的活动。,理事会在修订该准则之前启动了一项外联咨询活动。
直接出售,完全且永久地转移所有权的无条件出售。,该资产通过直接出售予以转让。
外包安排,主体与第三方签订合同、由其代表主体开展活动的协议。,根据外包安排，服务提供方负责处理工资发放职能。
外包服务提供方,承接原先由内部处理的服务的外部一方。,该外包服务提供方负责处理我们的工资核算事务。
场外交易市场,证券在交易所以外由交易双方直接进行交易的市场。,该股份在场外交易市场进行交易。
间接费用,企业经营所产生的间接成本。,生产间接费用被分配计入存货。
自身信用风险,主体自身违约的风险。,自身信用风险影响负债的公允价值。
所有者,在主体中拥有所有者权益的一方，例如股东。,所有者以其所有者身份进行的交易直接计入权益。
所有者引起的权益变动,与所有者进行交易所导致的权益变动。,所有者引起的权益变动包括股利和股份发行。
自用房地产,所有者为经营目的而非为出租目的持有的不动产。,自用房地产按照国际会计准则第16号进行会计处理。
所有者（权益工具持有人）,持有主体中被归类为权益的工具的各方。,向所有者进行的分配直接计入权益。
所有者权益份额,投资者持有的主体权益的比例。,该主体取得了合营企业25%的所有者权益份额。
所有者权益,资产扣除全部负债后的剩余权益。,盈利年度过后，所有者权益有所增加。
实收资本,股东为换取股份而缴入的资本。,该公司报告的实收资本为一百万。
母公司,控制一个或多个其他主体的主体。,母公司编制合并财务报表。
母子公司关系,主体之间的控制关系。,母子公司关系要求进行合并。
部分处置,出售主体在子公司或投资中的部分权益，但不因此丧失控制权或重大影响。,部分处置该子公司的股份并未导致控制权的丧失。
非全资子公司,未被母公司全资拥有的子公司。,非全资子公司会产生非控制性权益。
（养老金计划的）参与者,有权在养老金计划下获得福利的成员。,养老金计划的所有参与者每年都会收到年度报表。
参与性权益工具,有权分享利润的权益工具。,参与性权益工具可分得可分配利润的一部分。
过手安排,主体代表第三方收取款项并将其转付，而不将其确认为自身收入的合同。,该公用事业单位在过手安排下作为代理人行事，仅将净手续费确认为收入。
过去的企业合并,发生在以前报告期间的企业合并。,该商誉源于过去的企业合并。
逾期,未在合同约定的到期日付款。,该应收款项已逾期三十天。
过去事项,已经发生并形成义务的事项。,一项过去事项形成了现时义务。
过去服务成本,因过去服务导致的福利义务的变动。,过去服务成本在计划修订时予以确认。
应付款项,主体因取得的商品或服务而欠供应商或其他方的款项。,若在十二个月内支付，贸易应付款项应列示为流动负债。
养老金,支付给个人的退休收入。,养老金在退休后按月支付。
养老金负债,向雇员支付未来退休福利的现时义务。,该公司在其财务状况表中确认了一项养老金负债。
养老金计划,向雇员提供离职后福利的安排。,该公司设有一项设定受益养老金计划。
完工百分比法,按照合同完工进度确认收入的收入确认方法。,该长期建造合同的收入采用完工百分比法予以确认。
业绩,主体实现其财务目标的程度。,该公司的业绩在第二季度有所改善。
业绩（即财务业绩）,主体实现其财务成果的程度。,财务业绩以利润和回报来衡量。
业绩条件,要求达到规定业绩、奖励方可归属的条件。,股份奖励须在满足业绩条件后方可归属。
服务期间,员工提供服务的期间。,福利在服务期间内累积。
确定期限年金,无论受益人是否在世，均保证在固定期数内支付款项的年金。,为在固定的十年期间内提供收入，购买了一份确定期限年金。
特定期间影响,仅限于某一特定期间的影响。,特定期间影响不外推至其他期间。
永续债务工具,没有固定到期日的债务工具。,永续债务工具无限期地支付利息，但永不偿还本金。
续保奖金,因保单续保或持续参与而支付的奖金。,投保人因续签合同而获得了续保奖金。
员工,主体的员工，其成本和福利在财务报表中确认。,随着公司扩大员工队伍，员工成本有所增加。
虚拟股份,以股价为参照进行估值、以现金结算的奖励。,虚拟股份向员工提供与股价挂钩的现金奖金。
实物资本,视为主体的实物生产能力的资本。,实物资本以生产能力单位计量。
计划资产（员工福利计划的）,为履行员工福利义务而由基金持有的资产。,计划资产于报告日按公允价值计量。
计划承诺日,计划作出承诺的日期。,计划承诺日决定了会计处理。
出售子公司控制性权益的计划,处置子公司控制性权益的正式计划，该计划可能触发归类为持有待售。,出售子公司控制性权益的计划要求将相关资产列报为持有待售。
已质押为抵押品,作为贷款担保而提供的。,该建筑物被质押作为贷款的抵押品。
保单持有人,持有保险合同的个人或主体。,保单持有人可随时解除合同。
权益结合法,在不确认商誉的情况下合并主体的旧方法。,该企业合并采用了权益结合法。
投资组合,为实现共同目标而集中管理的一组金融资产或金融负债。,这些衍生工具作为利率风险敞口组合的一部分进行管理。
利率风险的组合套期,对一组项目的利率风险进行的套期。,该银行采用了利率风险的组合套期。
组合转让,一组保险合同或资产的转让。,保险人完成了其保单的组合转让。
离职后福利计划,在雇佣结束后提供福利的计划。,离职后福利计划分类为设定提存计划或设定受益计划。
离职后福利,雇佣结束后应付的福利。,离职后福利包括养老金和一次性支付的款项。
税后损益,扣除所得税费用后主体的损益。,终止经营的损益按税后基础列报。
归属后转让限制,对归属后股份转让的限制。,归属后转让限制影响期权的公允价值。
潜在普通股,可能使其持有者有权取得普通股的工具。,可转换债券在稀释每股收益的计算中属于潜在普通股。
潜在表决权,如果当前可行使即可取得表决权的权利。,在评估控制时考虑潜在表决权。
出售资产的实际能力,主体在资产现有条件下能够不加迟延地处置资产的能力。,归类为持有待售要求主体具有出售资产的实际能力。
合并前,企业合并日之前存在的期间或金额。,合并前的收入在合并报表中进行了重述。
《国际财务报告解释委员会前言》,介绍国际财务报告解释委员会的作用及其权威性的文件。,该前言阐述了国际财务报告解释委员会的目标。
《国际财务报告准则前言》,阐明国际财务报告准则目的的介绍性文件。,该前言解释了国际财务报告准则的目标和范围。
优先股股利,对优先股支付的股利。,优先股股利优先于普通股股利。
优先股,在股利或资本偿还方面比普通股享有优先权利的股份。,该优先股因必须强制赎回而分类为负债。
溢价,高于基本价格支付的金额。,股份溢价在权益中确认。
《财务报表的编制和列报》,国际会计准则第1号的名称，规定了财务报表的编制要求。,国际会计准则第1号《财务报表的编制和列报》适用于所有主体。
财务报表编制者,编制主体财务报表的人员。,财务报表编制者必须在不同期间一致地应用准则。
提前偿付风险,借款人比预期更早偿还贷款、从而减少利息收入的风险。,抵押贷款组合使银行面临提前偿付风险。
预付款项,为尚未收到的商品或服务预先支付的款项。,预付款项列为流动资产。
未来缴款的预付,对未来期间到期的缴款提前进行的支付。,主体为该计划预付了未来缴款。
现时义务,由过去事项产生的现有义务。,确认预计负债要求在报告日存在现时义务。
现值,未来现金流量的折现价值。,预计负债按预期现金流出的现值计量。
设定受益义务的现值,清偿设定受益义务所需的预期未来福利支付的折现价值。,设定受益义务的现值采用报告日的精算假设进行计量。
列报,项目在报表中的列示方式。,财务报表的列报遵循该准则。
列报货币,财务报表列报所使用的货币。,集团的列报货币为美元。
《财务报表的列报》,规定财务报表列报方式的准则。,列报格式由国际会计准则第1号《财务报表的列报》规范。
原公认会计原则,主体在采用国际财务报告准则之前立即应用的会计框架。,从原公认会计原则向国际财务报告准则的调节在权益中确认了若干调整。
市盈率,每股市价除以每股收益。,投资者比较了两家公司的市盈率。
价格指数,跟踪商品价格变动的统计指标。,该合同与消费价格指数挂钩。
价格风险,市场价格发生不利变动的风险。,主体面临商品价格风险。
会计的基本核算基础,会计的基础性原则。,权责发生制和持续经营是会计的基本核算基础。
主要经济环境,主体主要产生和支出现金的经济环境，其决定主体的功能货币。,功能货币是主体经营所在的主要经济环境的货币。
基础金融工具,衍生工具以外的工具。,基础金融工具包括贷款和股票。
主要目标,准则或框架旨在实现的主要目标。,国际财务报告准则第9号的主要目标是改进金融工具会计。
主要报告格式,分部信息列报的主要基础。,业务分部被确定为主要的报告格式。
本金金额,据以计算利息的债务工具面值金额，不包括利息本身。,该贷款的本金金额分十期等额偿还。
仅付本金证券,仅从基础资产收取本金偿付的证券。,仅付本金证券在到期前不支付利息。
原则导向方法,依赖宽泛原则而非详细规则的会计方法。,国际财务报告准则在制定准则时采用原则导向方法。
前期差错,前期财务报表中的遗漏或错报。,该前期差错已作追溯更正。
非上市公司,其证券不公开交易的主体。,非上市公司可以使用简化的报告框架。
私有化,将国有主体的所有权转移给私营部门。,该国有企业的私有化由政府作为一项销售进行会计处理。
备考（模拟）数据,假设性或初步性的列报。,备考数据用以说明某项交易的影响。
按比例基础,按各方份额比例进行分配。,成本按比例基础分配至各分部。
净资产的按比例份额,归属于持有者的净资产比例部分。,少数股东持有净资产的按比例份额。
可能性确认标准,只有当经济利益很可能流入或流出主体时才确认项目的条件。,该预计负债满足了可能性确认标准并已记入账户。
很可能,发生的可能性大于不发生的可能性。,当现金流出很可能发生时确认预计负债。
可能最大损失,正常条件下被认为可能发生的最大保险损失。,可能最大损失由精算师估算。
产品保修义务,在保修范围内修理或更换产品的义务。,产品保修义务于销售时确认为预计负债。
生产间接费用,生产的间接成本。,生产间接费用分配至存货。
生产过程,将原材料转化为产成品的一系列活动。,生产过程中分配的固定间接费用按正常产能确定。
利润,收入超过费用的部分。,当期利润在利润表中报告。
税后利润,扣除所得税费用后留存的净收益。,税后利润升至500万欧元。
利润备抵,为预期损失而从利润中扣减的备抵。,为预期的未来损失确认了一项利润备抵。
税前利润,主体在扣除所得税费用之前赚取的利润。,本年度税前利润为1200万。
损益,某一报告期间的总收入减去费用。,利得在损益中确认。
利润分享,在员工或合伙人之间分配利润的安排。,该公司实施一项员工利润分享计划。
进度款结算,根据工程完工进度开具账单。,进度款结算与合同资产相互抵销。
进度款支付,随工程进展而支付的款项。,进度款在合同资产项下予以确认。
禁止性规定,阻止主体采用特定会计处理方法或选项的限制性规定。,该准则规定，禁止在没有正当理由的情况下追溯变更会计政策。
预期累计福利单位法,一种用于设定受益计划的精算方法。,预期累计福利单位法将福利分配至各个服务期间。
本票（票据）,承诺在未来某一日期支付规定金额的书面凭证。,公司发行本票以获得短期资金。
不动产权益,对某项不动产拥有的权利或权益。,该当事方对租赁的建筑物拥有不动产权益。
不动产重估,在重估模式下将不动产重新表述为公允价值。,该项不动产重估提高了建筑物的账面金额，并产生了重估盈余。
不动产、厂房和设备,为生产商品或提供服务而持有的有形资产。,机器归类为不动产、厂房和设备。
不动产、厂房和设备——项目减值或灭失的补偿,因不动产和设备减值或灭失而收到的补偿。,因项目灭失而收到的补偿计入当期损益。
不动产、厂房和设备——重大检查或大修成本,作为资产组成部分确认的重大检查成本。,重大检查成本在满足确认标准时予以资本化。
比例合并法,将资产和负债的相应份额予以合并。,对于合营企业而言，比例合并法已不再常用。
比例权益,与主体持股比例相对应的、在某一安排的经营成果或净资产中所占的份额。,在比例合并法下，合营者确认了其在合营企业资产中的比例权益。
拟议改进项目,对准则的建议性修订。,拟议改进项目已公开征求意见。
未来适用法,仅将变更适用于变更日期之后发生的事项。,新会计政策自一月起未来适用。
预计负债,时间或金额不确定的负债。,已针对质量保证义务确认了一项预计负债。
暂定价值,在企业合并中，当资产或负债的公允价值尚未最终确定时确认的临时金额。,所购入无形资产的暂定价值已在计量期间内进行了调整。
预计负债、或有负债和或有资产,规范预计负债和或有事项确认的准则。,国际会计准则第37号涵盖预计负债、或有负债和或有资产。
代理（代理权）,受权代表他人行事的人或文件。,股东可以在大会上以代理方式投票。
谨慎性,在不确定性情况下作出判断时保持审慎。,谨慎性支持对不确定估计进行中立处理。
审慎监管机构,监督金融稳定性的监管机构。,审慎监管机构要求银行持有充足的资本。
公共受托责任,主体就其受托管理的资源向公众承担问责责任的义务，是应用国际财务报告准则的一项判断标准。,公共受托责任是决定主体是否必须应用国际财务报告准则的标准之一。
公众公司,证券公开交易的主体。,公众公司必须应用完整的国际财务报告准则。
公共部门,提供公共服务的政府控制的主体。,公共部门主体可以应用国际公共部门会计准则来代替国际财务报告准则。
公开证券市场,证券公开交易的市场。,该股票在公开证券市场上挂牌交易。
“公转私”服务特许经营安排,政府授予私营经营者提供公共服务之权利的安排。,该收费公路是在“公转私”服务特许经营安排下运营的。
上市公司,证券在公开市场上交易的主体。,上市公司必须提交季度报告。
“公布支付款项”运动,敦促公司披露向政府支付款项的运动。,“公布支付款项”运动促进采掘业的透明度。
公布价格,活跃市场中可获得的报价。,为确定公允价值使用了公布价格。
购买对价,购买方在企业合并中支付的对价。,购买对价可能包括或有付款。
购买法,一种企业合并会计处理方法，据此购买方按公允价值确认可辨认资产和负债。,在购买法下，合并成本被分配至购得的可辨认资产。
购买价格,为取得某项东西而支付的价格。,购买价格被分配至购得的资产。
购入期权套期工具,为在套期关系中抵销风险敞口而购入的期权。,购入期权套期工具限制了主体的下行风险。
购入期权,主体作为持有方取得的期权合同。,持有购入期权是为了对冲价格风险。
看跌期权,赋予持有人以既定价格出售资产的权利（而非义务）的合同。,非控制性权益持有一项看跌期权，该期权可能要求集团购买其股份。
可回售,允许持有人要求赎回的工具。,可回售股份归类为金融负债。
可回售金融工具及清算时产生的义务,赋予持有人回售权利的工具。,可回售工具可能要求发行人回购股份。
可回售工具,允许持有人要求赎回的工具。,在严格条件下，可回售工具可以归类为权益。
符合确认/终止确认条件,满足确认或移除某一项目的标准。,资产在记录入账之前必须符合确认条件。
符合条件的资产,必然需要经过相当长的准备时间才能达到预定用途或出售状态的资产，其借款费用可以资本化。,借款费用在与符合条件的资产的取得相关的范围内予以资本化。
符合条件的保险单,满足规定标准的保险单。,该符合条件的保险单为退休福利提供保障。
质量特征,使财务信息对使用者有用的属性。,相关性和如实反映是基本的质量特征。
定量披露,在财务报表中披露的数字信息。,已提供有关信用风险的定量披露。
公开报价的权益工具,可以获取已公布市场价格的权益工具。,该公开报价的权益工具的公允价值以收盘市场价格为基础。
市场报价,该资产在活跃市场中可获得的价格。,公允价值等于市场报价。
已评级与未评级的信用风险敞口,按是否具有信用评级进行分类的信用风险敞口。,该银行披露了其已评级和未评级的信用风险敞口。
重新取得的权利,购买方在企业合并中重新取得的权利。,重新取得的权利与商誉分开确认。
购回条款,与购回某一项目相关的条款。,购回条款影响该合同的计量。
可随时从市场购得的资产,可以在市场上购买、作为自行建造或开发之替代方式的资产。,自行建造资产的成本不应超过同等质量的可随时从市场购得的资产的成本。
可变现价值,通过出售可以获得的金额。,存货按成本与可变现价值两者中的较低者计量。
合理估计,基于充分信息和审慎判断作出的估计。,该预计负债基于对未来成本的合理估计。
合理可能,发生的可能性大于极小可能但小于很可能。,一项损失被评估为合理可能，而非很可能发生。
重新评估,对先前的判断或计量进行复核，以确定其是否仍然适当。,在续租选择权行使之后，需要对租赁期进行重新评估。
嵌入衍生工具的重新评估,要求复核嵌入衍生工具是否必须分离的准则。,国际财务报告解释委员会第9号解释公告涉及嵌入衍生工具的重新评估。
返利,购买之后返还给客户的款项。,主体将返利确认为收入的抵减项。
可推翻的推定,除非被证据推翻否则予以接受的假定。,存在一项可推翻的推定，即购买方为原所有者。
应收款项,客户或其他方欠付主体的款项。,应收款项按摊余成本扣除减值后的金额计量。
重新分类调整,当期从其他综合收益重分类转入损益的金额。,重新分类调整单独披露，以避免其他综合收益项目被重复计算。
重新分类日期,某一项目被重新分类的日期。,重新分类日期标志着计量的变更。
已确认的金融工具,在财务状况表中记录的金融工具。,资产负债表中仅列示已确认的金融工具。
确认,将某一项目纳入财务报表的过程。,该资产在控制权转移时予以确认。
确认为费用,将某项成本作为损益中的费用而非资产处理。,研究成本在发生时确认为费用。
确认标准,在财务报表中记录某一项目所需满足的条件。,该资产满足了确认标准。
调节,使两组数字保持一致的过程。,该调节解释了两个余额之间的差异。
有追索权贷款,贷款人对借款人拥有追索权的贷款。,该有追索权贷款被确认为金融负债。
可收回性,收回账面金额的能力。,该资产的可收回性受到质疑。
可收回的,能够通过未来使用或出售予以收回，而非予以注销。,该资产的账面金额已减记至其可收回金额。
可收回金额,公允价值减去相关成本后的金额与使用价值两者中的较高者。,可收回金额超过了账面金额。
重分类转出,将其他综合收益中的金额转入损益。,对于某些项目，允许将处置利得重分类转入损益。
赎回,发行人偿还或注销某一工具。,该债券可由发行人选择予以赎回。
赎回金额,金融工具被赎回时应向持有人支付的金额。,优先股的赎回金额已在附注中披露。
赎回价格,在到期日或之前赎回证券所支付的金额。,赎回价格被定为面值。
禁止赎回,防止主体赎回其自身工具的限制。,该优先股适用禁止赎回的规定。
再融资,用新的融资替代现有债务。,在年末之前完成的再融资使相关债务得以列为非流动负债。
重新编排,为新的列报而重新编排。,为保持一致性，比较金额经过了重新编排。
重新编排的国际会计准则,经重新编排或以新格式重新发布而实质要求未发生变化的准则。,重新编排的国际会计准则已发布，其中引用已更新，但内容未发生变化。
退款或未来缴款的减少,从福利计划中收回的金额。,退款反映计划存在盈余。
常规方式购买或出售,按照标准合同购买或出售金融资产。,常规方式购买在交易日或结算日予以确认。
监管机构,监督和管理金融市场的机构。,监管机构要求该银行进行额外披露。
修复—运营—移交,一种特许经营模式，经营者对现有基础设施进行翻新、运营，然后将其移交回公共部门。,该水处理厂在修复—运营—移交特许经营下进行了现代化改造。
补偿,对已发生的成本或损失收到的补偿。,保险人确认了对该项损失的补偿。
再保险资产,确认为资产的分出再保险金额。,再保险资产与负债分开列报。
再保险合同,保险人据以将风险转移给再保险人的合同。,该再保险合同已就重大风险转移进行评估。
再保险人,为另一保险人承保的保险人。,再保险人承担保险人风险的一部分。
股利再投资,将收到的股利用于购买额外股份，而非收取现金。,股东选择股利再投资，以获取该公司的额外股份。
关联方,与主体存在关系的各方。,关联方包括关键管理人员。
关联方披露,国际会计准则第24号，要求披露关联方交易。,关联方披露要求披露关键管理人员的报酬。
关联方交易,关联方之间的资源转移。,每一项关联方交易都必须予以披露。
相关性,信息能够对使用者的决策产生差异的质量特征。,该信息具有预测价值，因此具备相关性。
可靠性,不存在重大错误的信息质量。,审计师对该估计的可靠性提出质疑。
可靠性例外,出于可靠性原因而允许偏离某项要求的例外。,可靠性例外适用于某些关联方披露。
可靠计量测试,测试某项金额是否能够可靠地计量。,该项预计负债未能通过可靠计量测试。
重载特征,自动授予新期权的特征。,重载特征在行权时授予额外期权。
重载期权,一种股份期权特征，即在现有期权被行权时，向持有人授予新期权以替代所使用的股份。,根据重载期权特征，行权使持有人获得了涉及相同数量股份的新期权。
重新计量,利用新信息对金额进行重新计算。,计划的重新计量在其他综合收益中确认。
账户移除条款,从证券化结构中移除账户的权利。,账户移除条款使转让人能够撤回应收账款。
提供服务,通过提供服务从合同中产生收入。,提供服务的收入在某一时段内确认。
续约权,承租人或交易对手延长合同期限的权利。,在确定可执行的租赁期时考虑了续约权。
改组,对主体的法律或经营结构进行重组。,改组通常涉及重大的一次性成本。
重新包装,以新的形式组合并转售金融工具。,重新包装交易被排除在合并范围之外。
修理和维护,为使资产保持可用状态而进行的日常性支出。,修理和维护支出在发生时计入费用。
偿还,归还借入的资金。,该贷款应在五年内偿还。
替代奖励,为替代现有奖励而授予的以股份为基础的支付奖励，例如在企业合并中授予。,授予被购买方员工的替代奖励参照原奖励进行计量。
资产的重置成本,重置一项资产所需的成本。,重置成本反映现行市场价格。
再质押,将从交易对手收到的抵押品质押给第三方。,该银行将作为抵押品收到的证券进行了再质押。
报告分部,达到单独报告门槛的分部。,本年仅确定了一个报告分部。
报告货币,主体列报财务报表所使用的货币。,境外经营的成果已折算为报告货币。
报告货币——国际会计准则第21号和国际会计准则第29号下财务报表的计量与列报,关于在国际会计准则第21号和国际会计准则第29号下计量和列报财务报表的指引。,该文件讨论了国际会计准则第21号和国际会计准则第29号下的报告货币。
报告货币——从计量货币到列报货币的折算,将金额从计量货币转换为报告货币。,折算为列报货币时采用期末汇率。
报告日,主体财务报表所对应的日期。,资产按报告日予以计量。
报告企业,为其编制财务报表的主体。,报告企业列报其自身的财务报表。
报告主体,为其编制并列报财务报表的主体或主体的一部分。,报告主体可以是单一主体，也可以是由母公司及其子公司组成的集团。
报告包,为合并目的而编制的一套报告。,子公司向母公司提交报告包。
报告期间,一套财务报表所涵盖的期间。,报告期间于每年12月31日结束。
如实反映,信息如实反映其所拟反映的经济现象。,如实反映要求信息完整且中立。
回购协议,出售证券并承诺在以后日期买回的协议。,根据回购协议出售的证券被记录为抵押借款。
回购交易,出售资产并约定买回的交易。,回购交易被视为有担保借款。
研究,为获取新知识而进行的原创性调查。,研究支出在发生时计入费用。
准备,权益中为特定目的而拨出的组成部分。,重估价准备在权益中列报。
剩余成本,某项目剩余的账面金额。,剩余成本反映尚未确认的剩余价值。
剩余权益,在其他权益经核算后保留在主体中的剩余权益，通常按公允价值计量。,处置后保留的剩余权益按公允价值重新计量。
残值,使用寿命结束时的估计价值。,从成本中扣除残值即可得出应折旧金额。
国际会计准则理事会的决议——理事会撤销国际会计准则第15号,理事会将国际会计准则第15号从准则中移除的决定。,国际会计准则理事会的决议将国际会计准则第15号从其准则中撤销。
重述,对已发布的财务报表因错误而进行的更正。,需要对前期金额进行重述。
受限股份,受转让或归属限制的股份，通常作为报酬授予员工。,授予高管的受限股份在三年内归属。
重组,实质改变经营范围或经营方式的计划。,此次重组关闭了两家生产工厂。
重组预计负债,为计划重组的成本而确认的负债。,重组预计负债涵盖员工辞退成本。
经营成果,某一期间的利润或亏损。,本年度的经营成果按税后金额列报。
零售价法,使用零售价格估计存货价值的方法。,零售价法按售价减去毛利估计期末存货。
零售连锁店,在共同所有权或共同管理下经营多家零售门店的企业。,该零售连锁店报告本年度同店销售实现强劲增长。
留存收益,未分配的累计利润。,留存收益在权益中列报。
留存利润,留存于主体而非予以分配的累计利润。,留存利润在权益中报告。
退休福利计划,在雇佣结束后提供福利的安排。,该集团发起设立了多项退休福利计划。
追溯分类,将某项分类决定既适用于当期，也适用于以前期间。,分部结构的变更要求对前期数据进行追溯分类。
追溯应用,视同一项新政策自始即被采用而加以应用。,该变更通过追溯应用的方式作出。
追溯重述,更正前期金额，视同该错误从未发生。,该错误已通过追溯重述予以更正。
投资回报率,衡量相对于所做投资的收益的指标。,该项目的投资回报率超过了最低要求回报率。
计划资产回报,在员工福利计划的计划资产上赚取的投资收益。,计划资产回报可减少养老金成本。
重估价,将非流动资产重新计量至其公允价值，增值在其他综合收益中确认。,对该物业的重估价增加了其账面金额，并将产生的增值在其他综合收益中确认。
重估价准备,因资产重估而产生的准备。,物业重估价使重估价准备得以增加。
重估价盈余,资产在重估时账面金额的增加。,重估价盈余在其他综合收益中确认。
资产的重估金额,重估日的公允价值减去其后的折旧。,资产的重估金额取代其账面金额。
收入,主体日常活动产生的收入，例如销售商品或提供服务产生的收入。,客户合同产生的收入在商品控制权转移时确认。
收入——涉及广告服务的易货交易,关于确认广告易货交易收入的指引。,常设解释委员会第31号解释公告涵盖涉及广告服务的易货交易。
转回,对以前已确认金额的减少或取消。,减值损失的转回增加了利润。
反向购买,法律上的被购买方为会计上购买方的企业合并。,在反向购买中，法律上的子公司是会计上的购买方。
反向股份拆分（并股）,合并股份以提高面值。,反向股份拆分会减少流通在外的股份数量。
修订,经修改或更新的，适用于已发生变更的准则、估计或披露。,主体自报告期期初起对未来适用修订后的准则。
修订后的（国际会计准则）,准则的修订版本。,修订后的准则适用于2020年之后开始的年度期间。
撤销指定,取消先前对金融资产或金融负债所作的指定。,主体只能在有限情况下撤销指定。
与租赁资产相关的收益,预期从租赁资产中获得的利益和风险。,与租赁资产相关的收益是融资租赁的标志。
优先购买权,在资产向其他方发出要约之前优先获得该要约的合同权利。,股东对股份的任何转让均享有优先购买权。
抵销权,抵销双方之间所欠款项的法定权利。,主体对这些余额拥有抵销权。
勘探权,主体持有的勘探资源的权利。,主体持有对该海上区块的勘探权。
配股,向现有股东发售新股的要约。,配股按比例向现有股东进行。
弃置、恢复和环境修复基金产生的权益的权利,对弃置基金中的权益所享有的权利。,这些权益权利被确认为一项资产。
风险,实际结果偏离预期结果的可能性，包括信用风险、流动性风险和市场风险等金融风险。,主体披露金融工具产生的风险的性质和程度。
风险敞口,面临风险的金额。,主体按类型披露了其风险敞口。
偏离风险,计量价值朝不同方向变动的风险。,由于变量之间的偏离风险，该套期失败了。
无风险利率,无违约风险投资的回报。,折现率以无风险利率为基础。
风险和报酬,资产所有权带来的风险敞口与利益，用于评估租赁中的转移以及终止确认。,该租赁将所有权上的几乎全部风险和报酬转移给了承租人。
所有权上的风险和报酬,与拥有资产相关的损益敞口。,所有权上风险和报酬的转移决定确认。
与租赁资产相关的风险,因租赁资产的所有权或使用而产生的风险。,与租赁资产相关的几乎全部风险均已转移。
金额回拨,将账面金额减记至较低的先前价值。,主体不得不回拨重估价盈余。
金额结转,将余额结转至下一期间。,变动表将预计负债余额结转至下一期间。
特许权使用费,为取得使用专利或商标等资产的权利而向资产所有者支付的款项。,商标许可产生的特许权使用费收入按权责发生制确认。
出售,以换取对价的方式转让资产。,出售产生的收入在控制权转移时确认。
售后租回交易,所有者出售资产后又将其租回的交易。,公司确认了一项售后租回交易利得。
股票增值权,向员工支付股份价值增值额的权利。,员工被授予了以现金结算的股票增值权。
范围,准则或政策所适用的交易或主体的范围。,该安排属于租赁准则的范围。
国际财务报告准则第2号的范围,股份支付规则适用的范围。,国际财务报告准则第2号的范围包括以权益结算的股份支付。
次要分部信息,按次要报告形式提供的分部披露。,次要分部信息按地区报告。
证券,股票和债券等可交易的金融工具。,为交易而持有的证券以公允价值计量。
证券化,将资产转换为可交易证券。,证券化将金融资产转让给特殊目的主体。
分部,主体中可区分的组成部分，其单独的财务信息可供取得并由管理层评价。,各分部的资产和负债在分部报告附注中披露。
分部资产,可归属于报告分部的资产。,分部资产按各分部予以披露。
分部费用,分部经营活动产生的费用。,分部费用包括可直接归属于该分部的成本。
分部经理,负责报告分部经营活动的人员。,分部经理向首席执行官报告业绩。
分部利润或亏损,向首席经营决策者报告的经营分部利润或亏损。,各报告分部的分部利润或亏损已在附注中披露。
分部报告,按经营分部披露财务信息。,分部报告有助于使用者评价不同的业务板块。
分部业绩,报告经营分部的利润或亏损。,分部业绩在未分配的公司成本之前列报。
分部收入,可归属于报告分部的收入。,分部收入按各报告分部予以披露。
自行建造的资产,由主体自行建造的资产。,自行建造资产的成本包括可直接归属的成本。
自保,主体保留风险而非将其转移给保险人的风险管理方式。,主体对小额财产损失索赔实行自保安排。
销售价格,商品出售的价格。,销售价格决定了该单位的收入。
敏感性分析,显示结果如何随假设变动而变化的技术。,该银行披露了市场风险的敏感性分析。
可分离性,资产能够被分离和出售的能力。,可分离性是无形资产确认的一项标准。
可分离性标准,无形资产能够被分离并出售或转让的条件。,该软件符合可分离性标准，并被确认为无形资产。
可分离资产,能够被分离并独立出售的资产。,在购买价格分摊中识别出了可分离资产。
单独财务报表,母公司或投资者单独列报的报表。,单独财务报表中子公司按成本核算。
单独负债,单独确认而非作为另一项目组成部分的负债。,该担保被确认为一项单独负债。
可单独识别,能够被单独识别。,该资产可与商誉分开单独识别。
服务特许权安排,政府授予私营经营者在特定期间内提供公共服务的权利的安排。,在服务特许权安排下，经营者确认一项金融资产或无形资产。
服务成本,当期赚取的福利。,服务成本在损益中确认。
服务日期,员工在计划下提供服务的日期。,福利自员工的服务日期起累积。
服务商标,区分某一提供者所提供服务的商标。,公司为其品牌注册了一项服务商标。
服务资产,因服务金融资产而收取的超过充分补偿的费用的一项权利。,留存的服务资产在初始时以公允价值计量。
服务费用,为他人管理贷款或资产的成本。,服务费用减少了净利息收入。
服务负债,对转让后留存的金融资产提供服务的义务。,服务负债初始以公允价值计量。
服务负债,为金融资产提供服务的义务。,已为留存的服务确认了一项服务负债。
服务权,为已转让金融资产提供服务的权利。,服务权在资产转让时确认。
一套财务报表,列报主体财务状况、经营业绩和现金流量所必需的完整报表组合。,一套完整的财务报表包括财务状况表、利润表及其他报表。
法定抵销权,抵销款项的法定权利。,抵销余额必须拥有法定抵销权。
净额结算,仅交付净额以结算合同。,这些合同以现金净额结算。
结算,通过支付或转移资源来清偿负债。,该义务的结算发生在下一期间。
职工福利义务的结算,就部分或全部福利消除进一步法定义务或推定义务的交易。,养老金义务的结算产生了一项在损益中确认的利得。
结算日,交易最终结算的日期。,该交易在结算日入账。
结算日会计,在资产交付之日确认交易。,主体对常规交易采用结算日会计。
结算预计负债,为预期结算而确认的预计负债。,已为该项索赔确认了一项结算预计负债。
结算价值,负债据以结算的价值。,结算价值已与对手方商定。
按份责任,共同义务中，每一方仅就其自身所承担的负债份额负责的情形。,根据合伙协议，每位合伙人对企业的债务按其各自份额承担责任。
影子会计,使保单持有人的会计与股东的会计保持一致的处理方法。,影子会计会递延某些未实现的利得。
股份,公司资本中所有权权益的单位。,每一股享有一项表决权。
股票增值权,以股价上涨为基础、以现金结算的奖励。,股票增值权按公允价值计量。
股份回购安排,企业从股东手中回购其自身股份的协议。,根据股份回购安排取得的库存股已从权益中扣减。
股份看涨期权,赋予持有人按既定价格购买股份的权利的合同。,高级管理人员获授了股份看涨期权。
股本,股份持有人投入的资本金额。,股本列示于财务状况表中。
股本——重新取得的自有权益工具（库存股）,购回并从权益中扣减的自有股份。,库存股从权益中扣减。
股份合并,将多股合并为一股。,股份合并减少了普通股的数量。
股份期权,赋予持有人在既定期限内按指定价格购买企业股份的权利的合同。,股份期权的可行权条件要求员工持续服务三年。
股份期权计划,向员工授予股份期权的计划。,该股份期权计划在三年内归属。
股本溢价,发行股份所收取的超过其面值的金额。,此次发行产生了200万的股本溢价。
股份拆分,在不改变资本总额的情况下增加流通在外股份的数量。,股份拆分使已发行股份的数量翻了一番。
认股权证,赋予持有人在既定日期之前按指定价格购买股份的权利的证券。,公司发行的认股权证被归类为权益工具。
以股份为基础的支付,规范以股份或现金结算的支付的会计处理的准则。,国际财务报告准则第2号规范以股份为基础的支付交易。
以股份为基础的支付安排,以股份支付商品或服务的协议。,该以股份为基础的支付安排在三年内归属。
以股份为基础的支付奖励,通过发行股份或股份期权结算的奖励。,以股份为基础的支付奖励在服务期内归属。
以股份为基础的支付交易,以股份或期权结算的交易。,以股份为基础的支付交易按公允价值计量。
股东,拥有公司股份并对公司净资产享有剩余权益的个人或实体。,向股东支付的股利直接在权益中确认。
股东权益,从资产中扣除负债后的剩余权益。,股东权益由股本和储备组成。
卖空者,出售借入证券、预期价格将下跌的交易方。,卖空者日后必须归还所借入的股份。
短期雇员福利,雇员提供服务后十二个月内到期的福利。,短期雇员福利包括工资和带薪休假。
常设解释委员会,原先就国际会计准则的应用发布解释公告的委员会（现已被取代）。,常设解释委员会的解释已逐渐被国际财务报告解释委员会的解释所取代。
重大影响,参与财务和经营政策决策的权力。,持股30%通常会产生重大影响。
单一产品企业,收入主要来源于单一产品的企业。,单一产品企业仍可能报告经营分部。
偿债基金,为在债务到期时偿还债务而预留的资金。,企业设立了偿债基金以偿还债券。
社会保障,由国家提供的福利计划。,社会保障缴款被确认为费用。
社会保障缴款,雇主或雇员为雇员福利而向社会保障体系支付的款项。,社会保障缴款在相关雇员服务提供的期间被确认为费用。
偿债能力,到期偿付债务的能力。,偿债能力通过流动性和资本比率进行评估。
特殊目的实体,为狭义且明确界定的目的而设立的实体。,该银行设立了一家特殊目的实体以持有证券化资产。
特殊目的实体,为狭义且明确界定的目标而设立的实体。,该特殊目的实体是为持有证券化资产而设立的。
成本的个别认定,将成本直接归属于特定项目而非通过分摊进行分配的方法。,该建设项目采用成本个别认定法对成本进行了归属。
明确认定的现金流量,与特定资产或负债明确相关的现金流量。,该套期与明确认定的现金流量进行了匹配。
投机级,低于投资级、表明风险较高的信用评级。,该债券在评级下调后降至投机级。
公司分立（分拆）,将企业的部分业务分离为独立实体的行为。,此次分立将子公司的股份分配给了股东。
发起雇主,为福利计划出资的雇主。,发起雇主承担养老金计划的风险。
即期汇率,用于货币即时交割的汇率，在外币交易初始确认时用于折算。,该外币交易按交易日的即期汇率入账。
即期外汇风险,由即期汇率产生的风险。,即期外汇风险产生于即时结算。
即期汇率,用于货币即时交割的汇率。,该交易按当日的即期汇率折算。
单独基础,不考虑其母公司或集团而单独考虑某一实体的方式。,该子公司按单独基础进行了评估。
独立衍生工具,独立存在而非嵌入另一合同中的衍生工具。,该远期合同是按公允价值计量的独立衍生工具。
单独实体,不合并其他实体而进行报告的实体。,母公司编制了单独财务报表。
备用信贷额度,在需要时可动用的已承诺借款安排。,备用信贷额度提供后备流动性支持。
标准成本法,采用预先制定的标准成本对存货进行成本核算的方法。,常规存货计价采用标准成本法。
备用信用证,银行出具的付款担保。,该备用信用证为企业的付款义务提供支持。
常设解释委员会,为处理不一致或不可接受的会计处理而制定会计准则解释的委员会。,常设解释委员会发布了解释公告，以澄清现行准则的应用。
开办费,设立新业务所发生的成本。,开办费在发生时计入费用。
国家（雇员福利）计划,由政府而非报告主体运营的计划。,向国家计划缴纳的款项在到期时确认为费用。
国家控制的企业,通过所有权或权力受政府控制的实体。,国家控制的企业可适用某些披露豁免。
明示或默示的实质性条款,合同中产生可强制执行的权利和义务的明示或默示条款。,合同明示或默示的实质性条款表明存在一项租赁。
现金流量表,反映一定期间内现金流入和流出的报表。,现金流量表反映经营活动。
权益变动表,反映当期权益变动的报表。,权益变动表将期初余额与期末余额进行调节。
遵循国际财务报告准则的声明,声明财务报表遵循国际财务报告准则的表述。,遵循国际财务报告准则的声明必须明确且无保留。
综合收益表,反映损益及其他综合收益的报表。,综合收益表包括重估利得。
财务状况表,反映企业在特定日期的资产、负债和权益的财务报表。,财务状况表列示报告期末的资产、负债和权益。
利润表,报告损益的报表。,利润表列示收入和费用。
分步法,通过连续步骤分析交易的方法。,采用分步法评估了嵌入衍生工具。
阶梯式利率,按预定阶梯发生变化的利率。,该贷款承担逐年上升的阶梯式利率。
管理层的受托责任,管理层对所有者托付给其的资源所承担的受托责任。,有关管理层受托责任的信息有助于使用者评估资源的利用效率。
证券交易所上市,实体的证券获准在证券交易所上市交易。,此次上市筹集了新资本。
止损再保险,承保超过约定限度的损失的再保险。,该止损再保险合同为灾难性赔款提供保障。
一般债务,不含嵌入衍生工具或权益特征的债务。,一般债务按摊余成本计量。
直线法,在使用寿命内平均分摊成本的方法。,直线法每年计提相等的折旧。
压力测试,评估实体财务状况在不利情景下所受影响的分析。,该银行进行了压力测试，以评估其在不利经济条件下的资本充足性。
后续利得,初始确认之后产生的利得。,一项后续利得被确认为损益。
子公司,受另一实体（母公司）控制的实体。,母公司合并其所有子公司。
政府补助,政府向实体提供的援助。,政府补助在整个期间内确认为收入。
实质重于形式,交易按其经济实质而非仅按其法律形式进行会计处理的原则。,运用实质重于形式原则，该交易被作为融资安排处理。
实质上已颁布,在实质上已获批准但尚未正式生效的法律。,递延所得税采用实质上已颁布的税率进行计量。
养老金计划,向其成员提供养老金的退休福利计划。,雇员每月向养老金计划缴款。
被取代的版本,准则被新版本取代的早期版本。,准则的被取代版本不再适用。
监督型非管理董事,不担任管理职务的董事会成员。,监督型非管理董事负责监督管理层。
供应商,在日常经营过程中向主体提供商品或服务的一方。,主体为改善营运资金而与其主要供应商重新磋商了付款条件。
供货协议,供应商品或服务的协议。,该供货协议将价格固定了五年。
保证债券,担保另一方履行义务的债券（保证书）。,为保证建筑合同的履行而出具了保证债券。
计划盈余,计划资产超过福利义务的部分。,计划盈余被确认为一项资产。
退保选择权,保单持有人终止保险合同并领取退保价值的权利。,在计量保险负债时考虑了退保选择权。
退保风险,保单持有人提前解除合同的风险。,保险人在计量负债时会估计退保风险。
退保价值,保险单提前解除时应支付的金额。,保单最初几年的退保价值较低。
替代计量方法,在无法直接计量时使用的替代计量方法。,采用了替代计量方法来估计公允价值。
互换合同,交换现金流量的协议。,该利率互换对浮动利率进行了套期。
互换期权,赋予持有人在未来某一日订立利率互换的权利的期权。,主体购买了一份互换期权，以防范未来利率上升。
对称方法,对交易双方进行对称处理的方法。,对称方法确保了处理的一致性。
银团（辛迪加）安排,多家贷款人共同提供融资的安排。,该贷款是通过与五家银行的银团安排筹组的。
合成工具,运用衍生工具复制另一工具回报的工具。,由两份衍生工具合同构成了一项合成工具。
“污染”效应,出售持有至到期投资所产生的影响，迫使主体对其余投资组合进行重分类。,债券的出售导致了“污染”效应，其余投资被重分类为可供出售的投资。
照付不议合同,即使未提取货物也必须付款的合同。,照付不议合同保证了最低付款额。
有形资产,具有实物形态、为使用或出售而持有的资产。,有形资产包括机器和建筑物。
有形固定资产,为经营中使用而持有的实物资产。,机器被确认为有形固定资产。
有针对性的豁免,对某项要求的有限例外。,有针对性的豁免降低了首次采用准则的成本。
税,政府对所得、利润或交易强制征收的费用。,当期所得税按预计向税务机关支付的金额计量。
计税基础,为税务目的而计于某项资产的金额。,计税基础与账面金额不同。
资产或负债的计税基础,为税务目的而计于某项资产或负债的金额。,该资产的计税基础与其账面金额不同。
税收利益,应交税款的减少或递延所得税资产的增加。,该可抵扣暂时性差异产生了一项税收利益。
税务影响,在财务报表中确认的交易或调整所产生的所得税后果。,重估产生的税务影响已计入其他综合收益。
所得税费用（所得税收益）,在损益中确认的税项总额。,由于递延所得税增加，所得税费用上升。
税收管辖区,拥有自身征税机关的国家或地区。,递延所得税按各税收管辖区分别计量。
税项负债,向税务机关缴纳税款的义务。,当期税项负债在十二个月内清偿。
税务目的,与征税相关的目的。,资产的计税基础是为税务目的而确定的。
税率,对主体的应税所得或利润征税所适用的百分比。,递延所得税余额按负债清偿期间预计适用的税率重新计量。
应税利润（可抵扣亏损）,为税务目的而确定的利润或亏损。,应税利润依据税法确定。
应纳税暂时性差异,在未来期间将产生应税金额的差异。,应纳税暂时性差异产生递延所得税负债。
征税,对所得或活动征收税款的行为。,税项由当期所得税费用和递延所得税费用构成。
开采矿产资源的技术可行性和商业可行性,决定勘探和评价资产何时不再如此分类的标准。,一旦证明了开采矿产资源的技术可行性和商业可行性，这些资产即被重分类。
暂时性差异,资产的计税基础与其账面金额之间的差异。,该暂时性差异产生了一项递延所得税负债。
要约收购,公开收购股东股份的要约，通常带有溢价。,公司对全部流通在外的股份发出了要约收购。
辞退福利,因终止职工劳动关系而提供的福利。,辞退福利在要约被接受时予以确认。
商誉减值测试,每年对商誉进行的减值测试。,主体每年对商誉进行减值测试。
《汇率变动的影响》,规范外币交易及财务报表折算为列报货币的准则。,《汇率变动的影响》规范了汇兑差额的会计处理。
《设定受益资产的限制、最低筹资要求及其相互作用》,关于设定受益资产限制的解释公告。,该解释公告限制了已确认的设定受益净资产。
每股理论除权价值,配股发行后每股的理论价格。,前期每股收益按每股理论除权价值进行调整。
三分类法,将金融资产划分为三个计量类别的做法。,三分类法取代了旧的四分类模式。
货币时间价值,现有货币比未来取得的同等金额更有价值的概念。,折现率反映了货币时间价值和该负债特有的风险。
时间加权因子,用于对金额加权的期间比例。,时间加权因子反映了六个月的使用期。
在建前或在建期间预售单个单元,在建造开始之前或建造过程中销售房地产单元。,开发商开始按期房方式预售单个单元。
“制造”收益,通过资产交换创造出表面上的收益。,主体不应通过关联方之间的交换来“制造”收益。
自上而下测试,从较高层级开始的减值测试。,自上而下测试评估了较大的现金产出单元。
综合收益总额,当期损益加上其他综合收益项目的总额。,本年度的综合收益总额由损益和其他综合收益构成。
总收益互换,交换总收益的互换合同。,总收益互换转移了一项资产的经济回报。
交易日,主体承诺购买或出售资产的日期。,该购买在交易日予以确认。
交易日会计,在交易达成之日确认交易的会计处理。,在交易日会计下，资产于交易日确认。
应收账款,客户因赊购商品或服务而欠付的金额。,应收账款按交易价格扣除损失准备后的金额计量。
商业秘密,能带来竞争优势的机密商业信息。,该配方作为商业秘密受到保护。
交易性金融资产或金融负债,主要为赚取短期交易利润而持有的金融工具。,交易性金融资产按公允价值计量。
交易损益,买卖金融工具所产生的损益。,交易损益计入损益。
交易,影响财务状况的事项。,每项交易都记入会计系统。
交易费用（金融工具）,直接归属于金融工具购买、发行或处置的增量费用。,直接归属于金融负债发行的交易费用从其账面金额中扣除。
交易价格,双方之间交易的价格。,交易价格分摊至各项履约义务。
转让（转移）,资产、负债或金额在类别之间的转移。,资产向基金的转让已于六月完成。
控制权转移,主导资产使用的权力的转移。,收入在控制权转移给客户时予以确认。
风险和报酬的转移,用于确定资产控制权是否已从一方转移至另一方的判断标准。,是否终止确认取决于风险和报酬是否已经转移。
受让方,在转让中接受资产或权利的一方。,受让方承担了相关义务。
转让方,将资产转让给另一方的一方。,转让方终止确认了已转让的金融资产。
客户转让的资产,为接入网络而从客户取得的资产。,从客户转让取得的资产按公允价值确认。
过渡性负债（设定受益计划）,采用新准则时产生的额外负债。,过渡性负债在采用修订后准则时产生。
折算差额,将主体的财务报表从其功能货币折算为另一列报货币所产生的差额。,折算境外经营成果产生的折算差额计入其他综合收益。
折算方法,折算外币余额所采用的方法。,该折算方法对资产使用期末汇率。
外币折算,将一种货币的金额转换为另一种货币。,外币余额的折算使用期末汇率。
财务报表的折算,将财务报表从一种货币转换为另一种货币。,财务报表的折算使用了期末汇率。
折算为列报货币,将财务报表从功能货币转换为列报货币的过程。,资产和负债按期末汇率折算为列报货币。
透明度,对相关信息的公开、清晰的披露。,披露的透明度增强了投资者信心。
库存股,企业回购并由其持有的自身股份。,库存股从权益中扣减。
触发事项,引发重新评估或确认的事项。,触发事项要求企业对资产进行减值测试。
信托活动,企业以受托方式持有资产的活动。,信托活动需要单独披露。
受托人,代表受益人持有并管理资产的个人或实体。,受托人负责为受益人的利益管理养老基金。
双重类别普通股,具有不同股利权利的普通股。,双重类别普通股影响每股收益的计算。
两步法,对某一问题依次运用两项测试的方法。,两步法先识别义务，再对其进行计量。
最终控制方,处于控制链最顶端的主体。,最终控制方已在附注中披露。
未分配盈余,设定受益计划的资产超过负债、且未分配至特定福利的盈余部分。,养老基金中的未分配盈余已向计划成员披露。
未摊销,尚未在资产使用寿命内摊销完毕。,未摊销余额仍保留在资产负债表上。
分拆核算,对合同中可区分的组成部分分别进行会计核算。,保险人必须对某些嵌入衍生工具进行分拆核算。
不确定事项,结果尚不确定的事项。,不确定事项可能影响预计负债的计量。
无法收回性,应收款项无法收回的可能性。,针对应收款项无法收回的可能性计提了准备。
无条件禁止,不允许任何例外或条件的绝对性限制。,该准则对确认某些企业内部产生的无形资产作出无条件禁止。
无条件拒绝赎回权,拒绝赎回某一工具的权利。,无条件拒绝赎回的权利支持将该工具分类为权益。
标的资产,其价格决定衍生工具价值的资产。,期权的价值随标的资产的价格变动。
标的变量,决定衍生工具价值的变量。,标的变量是一个利率指数。
可理解性,使信息以清晰、简明的方式列报，从而便于使用者理解的质量特征。,附注的撰写注重非专业使用者的可理解性。
承保年度,签订保险合同的年度。,赔付案件按承保年度进行跟踪。
未分配利润,留存于企业中尚未分配的利润。,未分配利润可用于未来投资。
未提取贷款承诺,借款人尚未提取的放款承诺。,未提取贷款承诺的相关费用在一段时间内予以确认。
过度成本或努力,被认为过度的成本或付出。,除非涉及过度成本或努力，否则必须作出披露。
未实现融资收益,与未来期间相关、尚未实现因而予以递延的融资收益。,未实现融资收益在租赁期内分摊至未来各期间。
未赚保费,为未来保险期间收取的保费。,未赚保费确认为负债。
未担保余值,出租人资产余值中未经承租人担保的部分。,出租人承担未担保余值的风险。
统一会计政策,在集团所有主体中采用相同的会计政策。,合并财务报表要求在整个集团内采用统一的会计政策。
计量单位,为确认和计量目的对资产或负债进行汇总或分拆的层级。,计量单位决定了金融工具的计量方式。
产量单位法,基于产量或使用量的折旧方法。,该机器采用产量单位法计提折旧。
单位信托,汇集众多投资者资金的投资基金。,该单位信托投资于多元化的债券组合。
单位价值,投资基金中一个单位的价值。,该基金的单位价值每日计算。
单位连结特征,将价值与基金单位相挂钩的特征。,单位连结特征将福利与基金单位相挂钩。
权益结合法,一种曾经使用的企业合并会计处理方法，各参与合并的企业以对等条件合并且不确认购买方。,当规模相近的两个企业合并时，以前曾采用权益结合法。
非上市,未在证券交易所上市交易。,非上市工具采用估值技术计量。
非上市权益工具,未在活跃市场上交易的权益工具。,非上市权益工具以公允价值计量。
未予确认,未作为资产或负债记录在财务报表中。,递延所得税资产在年末仍未予确认。
未确认的金融工具,未记录在财务报表中但可能影响未来现金流量的金融工具。,未确认的金融工具已在风险管理披露中予以说明。
无担保商业贷款,没有抵押品作为担保的贷款。,无担保商业贷款的利率较高。
逆流交易,联营企业与其投资者之间进行的交易。,逆流交易按投资者所持权益的比例予以抵销。
使用寿命,企业预期使用资产的期间。,该设备的使用寿命估计为八年。
（财务报表）使用者,依赖财务报表的人。,财务报表使用者作出经济决策。
使用者,利用财务报表作出经济决策的各方，包括投资者、贷款人及其他债权人。,财务报表的编制旨在满足众多使用者的共同信息需求。
财务报表使用者,依赖财务报表的各方。,财务报表使用者包括投资者和贷款人。
有效预期,在职工中形成的将获得某项福利的预期。,当企业没有现实可行的其他选择时，即产生有效预期。
估值,确定资产或负债价值的过程。,投资性房地产的估值采用了市场数据。
估值方法,用于确定某项目公允价值或账面金额的技术。,对非上市股份采用的估值方法是市场法。
估值技术,用于估计资产公允价值的方法。,企业采用了基于市场的估值技术。
增值表,反映企业创造和分配的价值的报表。,增值表反映向职工和政府进行的分配。
使用价值,预期从资产中获得的现金流量的现值。,可收回金额为公允价值减去相关成本后的金额与使用价值两者中的较高者。
风险价值,对潜在损失的统计计量。,风险价值估计特定期间内的损失。
变动制造费用,随产量变动而直接变动的间接生产成本，例如间接材料和能源。,变动制造费用以生产设施的实际使用情况为基础分配至存货。
创业投资机构,从事创业投资的企业。,创业投资机构以公允价值计量其投资。
合营者,参与合营安排的方。,合营者采用权益法核算其权益。
归属,成为职工的无条件权利。,股份期权在服务满三年后归属。
既得福利,即使职工在退休前离职也有权获得的福利。,既得福利不以未来继续提供服务为条件。
既得职工福利,职工拥有不可撤销权利的福利。,既得职工福利不可被剥夺。
归属条件,决定职工何时有权获得福利的条件。,归属条件包括服务期限和业绩要求。
归属期间,必须满足归属条件的期间。,相关费用在归属期间内予以确认。
表决权,在股东大会上表决的权利。,表决权决定对企业的控制。
认股权证,赋予持有人在规定期限内以特定价格购买股份的权利的金融工具。,可分离认股权证使债券持有人有权以固定价格购买普通股。
质量保证,修理或更换商品的承诺。,质量保证义务确认为预计负债。
质量保证义务,对售出商品在质保范围内进行修理或更换的义务。,产品销售时确认一项质量保证义务。
洗售,出售并回购同一证券。,就税务目的而言，该洗售交易被从收入中剔除。
瀑布式结构,规定现金流量向不同类别投资者分配顺序的合同安排。,在瀑布式结构下，优先票据持有人先于权益投资者获得偿付。
磨损,降低资产价值的实物损耗。,折旧反映设备的磨损。
天气衍生工具,价值取决于天气状况的衍生工具。,该电力公司使用天气衍生工具对冲收入风险。
加权平均,对不同项目赋予不同权重的平均值。,存货的加权平均成本用于计价。
加权平均成本法,采用加权平均成本对存货进行计价的方法。,加权平均成本法适用于存货。
当期发行在外普通股的加权平均数,当期发行在外普通股的平均数，按各股份发行在外的时间长短加权。,基本每股收益采用当期发行在外普通股的加权平均数计算。
全寿命周期基础设施,在其整个寿命期内使用的基础设施。,全寿命周期基础设施资产在其使用寿命内进行计量。
全资子公司,母公司持有其全部股份的子公司。,全资子公司不存在非控制性权益。
意愿交易各方,均愿意进行交易的买方和卖方。,公允价值假定交易在有意愿的交易各方之间进行。
清盘,终止某一主体或计划并清偿其剩余义务的过程。,计划清盘时，剩余资产被分配给了成员。
在产品,仍处于生产过程中、尚未完工的产品。,在产品按成本计价。
营运资金,主体的流动资产减去流动负债。,由于存货水平上升，营运资金减少了。
最坏情景,分析中所考虑的最不利的结果。,敏感性分析考虑了最坏情景。
核销,将资产的价值作为无法收回而予以注销。,无法收回的应收款项已被核销。
减记,减少资产的账面金额，以反映其价值或可收回金额的下降。,存货减记在价值下降发生的期间确认为费用。
签出期权,由签出方出售的期权。,签出期权会给签出方产生一项义务。
年初至今,从年初至当前日期的期间。,年初至今的收入增长了百分之八。
零成本利率双限期权,以无净期权费方式构建的利率双限期权。,主体签订了零成本利率双限期权，以限制其风险敞口。
零息政府证券,按折价发行、不支付定期利息、到期偿还面值的政府证券。,该投资组合包括以摊余成本计量的零息政府证券。
